-- phpMyAdmin SQL Dump
-- version 5.2.1
-- https://www.phpmyadmin.net/
--
-- Host: localhost
-- 생성 시간: 24-08-02 17:25
-- 서버 버전: 8.0.36
-- PHP 버전: 8.2.21

SET SQL_MODE = "NO_AUTO_VALUE_ON_ZERO";
START TRANSACTION;
SET time_zone = "+00:00";


/*!40101 SET @OLD_CHARACTER_SET_CLIENT=@@CHARACTER_SET_CLIENT */;
/*!40101 SET @OLD_CHARACTER_SET_RESULTS=@@CHARACTER_SET_RESULTS */;
/*!40101 SET @OLD_COLLATION_CONNECTION=@@COLLATION_CONNECTION */;
/*!40101 SET NAMES utf8mb4 */;

--
-- 데이터베이스: `easycook`
--

-- --------------------------------------------------------

--
-- 테이블 구조 `academy_info`
--

CREATE TABLE `academy_info` (
  `no` int NOT NULL,
  `category1` varchar(255) NOT NULL DEFAULT '',
  `code` varchar(255) NOT NULL DEFAULT '',
  `price` varchar(255) NOT NULL DEFAULT '',
  `datetime` datetime NOT NULL DEFAULT CURRENT_TIMESTAMP
) ENGINE=InnoDB DEFAULT CHARSET=utf8mb3;

--
-- 테이블의 덤프 데이터 `academy_info`
--

INSERT INTO `academy_info` (`no`, `category1`, `code`, `price`, `datetime`) VALUES
(1, '한식조리기능사', '20240710A01', '140000', '2024-07-01 00:00:00'),
(2, '양식조리기능사', '20240710A02', '150000', '2024-07-01 00:00:00'),
(3, '일식조리기능사', '20240710A03', '160000', '2024-07-01 00:00:00'),
(4, '중식조리기능사', '20240710A04', '170000', '2024-07-01 00:00:00'),
(5, '베이커리', '20240710A05', '350000', '2024-07-01 00:00:00'),
(6, '바리스타', '20240710A06', '240000', '2024-07-01 00:00:00');

-- --------------------------------------------------------

--
-- 테이블 구조 `academy_list`
--

CREATE TABLE `academy_list` (
  `class_no` int NOT NULL,
  `name` varchar(255) NOT NULL DEFAULT '',
  `code` varchar(255) NOT NULL DEFAULT '',
  `category1` varchar(255) NOT NULL DEFAULT '',
  `category2` varchar(255) NOT NULL DEFAULT '',
  `category3` varchar(255) NOT NULL DEFAULT '',
  `teacher_code` varchar(255) NOT NULL DEFAULT '',
  `teacher` varchar(255) NOT NULL DEFAULT '',
  `place` varchar(255) NOT NULL DEFAULT '',
  `phone` int NOT NULL,
  `grade` varchar(255) NOT NULL DEFAULT '',
  `member_num` int NOT NULL,
  `nth` int NOT NULL,
  `start_date` date NOT NULL,
  `end_date` date NOT NULL,
  `start_time` time NOT NULL,
  `end_time` time NOT NULL,
  `class_status` varchar(10) NOT NULL DEFAULT '',
  `thumnail_img` varchar(255) NOT NULL DEFAULT '',
  `img` varchar(255) NOT NULL DEFAULT '',
  `detail` varchar(255) NOT NULL DEFAULT '',
  `datetime` datetime NOT NULL DEFAULT CURRENT_TIMESTAMP
) ENGINE=InnoDB DEFAULT CHARSET=utf8mb3;

--
-- 테이블의 덤프 데이터 `academy_list`
--

INSERT INTO `academy_list` (`class_no`, `name`, `code`, `category1`, `category2`, `category3`, `teacher_code`, `teacher`, `place`, `phone`, `grade`, `member_num`, `nth`, `start_date`, `end_date`, `start_time`, `end_time`, `class_status`, `thumnail_img`, `img`, `detail`, `datetime`) VALUES
(1, '국비지원! 한식조리기능사', '20240710A01', '한식조리기능사', '국비', '평일', '202406EC01', '김선생', '서울시 강남구 00로 00빌딩 3층, 이지쿡', 1012341234, '중', 20, 1, '2024-07-21', '2024-08-13', '08:00:00', '17:00:00', '지난강의', '20240710A01.png', '20240710A01_1.png', '국비지원! 한식조리기능사', '2024-02-03 00:00:00'),
(2, '나도 할 수 있다! 한식조리기능사', '20240710A01', '한식조리기능사', '일반', '평일', '202406EC02', '나교수', '서울시 강남구 00로 00빌딩 3층, 이지쿡', 1012341235, '중', 20, 2, '2024-06-01', '2024-07-30', '08:00:00', '17:00:00', '현재강의', '20240710A01.png', '20240710A01_1.png', '나도 할 수 있다! 한식조리기능사', '2024-02-03 00:00:00'),
(3, '한식조리사로 창업하기', '20240710A01', '한식조리기능사', '창업', '평일', '202406EC03', '박선생', '서울시 강남구 00로 00빌딩 3층, 이지쿡', 1012341236, '상', 20, 3, '2024-07-21', '2024-08-31', '08:00:00', '17:00:00', '현재강의', '20240710A01.png', '20240710A01_1.png', '한식조리사로 창업하기', '2024-02-03 00:00:00'),
(4, '취미로 한식요리하기', '20240710A01', '한식조리기능사', '취미', '평일', '202406EC04', '홍박사', '서울시 강남구 00로 00빌딩 3층, 이지쿡', 1012341237, '하', 20, 4, '2024-07-21', '2024-08-31', '08:00:00', '17:00:00', '현재강의', '20240710A01.png', '20240710A01_1.png', '취미로 한식요리하기', '2024-02-03 00:00:00'),
(5, '자격증 취득을 위한 한식조리기능사', '20240710A01', '한식조리기능사', '자격증', '주말', '202406EC01', '김선생', '서울시 강남구 00로 00빌딩 3층, 이지쿡', 1012341234, '중', 10, 4, '2024-06-01', '2024-06-30', '08:00:00', '17:00:00', '지난강의', '20240710A01.png', '20240710A01_1.png', '자격증 취득을 위한 한식조리기능사', '2024-02-03 00:00:00'),
(6, '국비지원! 양식조리기능사', '20240710A02', '양식조리기능사', '국비', '평일', '202406EC02', '나교수', '서울시 강남구 00로 00빌딩 3층, 이지쿡', 1012341235, '중', 20, 3, '2024-06-01', '2024-07-30', '08:00:00', '17:00:00', '현재강의', '20240710A02.png', '20240710A02_1.png', '국비지원! 양식조리기능사', '2024-02-03 00:00:00'),
(7, '나도 할 수 있다! 양식조리기능사', '20240710A02', '양식조리기능사', '일반', '평일', '202406EC03', '박선생', '서울시 강남구 00로 00빌딩 3층, 이지쿡', 1012341236, '상', 20, 2, '2024-07-21', '2024-08-31', '08:00:00', '17:00:00', '현재강의', '20240710A02.png', '20240710A02_1.png', '나도 할 수 있다! 양식조리기능사', '2024-02-03 00:00:00'),
(8, '양식조리사로 창업하기', '20240710A02', '양식조리기능사', '창업', '평일', '202406EC04', '홍박사', '서울시 강남구 00로 00빌딩 3층, 이지쿡', 1012341237, '하', 20, 1, '2024-07-21', '2024-08-31', '08:00:00', '17:00:00', '현재강의', '20240710A02.png', '20240710A02_1.png', '양식조리사로 창업하기', '2024-02-03 00:00:00'),
(9, '취미로 양식요리하기', '20240710A02', '양식조리기능사', '취미', '평일', '202406EC01', '김선생', '서울시 강남구 00로 00빌딩 3층, 이지쿡', 1012341234, '중', 20, 1, '2024-06-01', '2024-06-30', '08:00:00', '17:00:00', '지난강의', '20240710A02.png', '20240710A02_1.png', '', '2024-02-03 00:00:00'),
(10, '자격증 취득을 위한 양식조리기능사', '20240710A02', '양식조리기능사', '자격증', '주말', '202406EC02', '나교수', '서울시 강남구 00로 00빌딩 3층, 이지쿡', 1012341235, '중', 10, 2, '2024-06-01', '2024-07-30', '08:00:00', '17:00:00', '현재강의', '20240710A02.png', '20240710A02_1.png', '', '2024-02-03 00:00:00'),
(11, '국비지원! 일식조리기능사', '20240710A03', '일식조리기능사', '국비', '평일', '202406EC03', '박선생', '서울시 강남구 00로 00빌딩 3층, 이지쿡', 1012341236, '상', 20, 3, '2024-07-21', '2024-08-31', '08:00:00', '17:00:00', '현재강의', '20240710A03.png', '20240710A03_1.png', '', '2024-02-03 00:00:00'),
(12, '나도 할 수 있다! 일식조리기능사', '20240710A03', '일식조리기능사', '일반', '평일', '202406EC04', '홍박사', '서울시 강남구 00로 00빌딩 3층, 이지쿡', 1012341237, '하', 20, 4, '2024-07-21', '2024-08-31', '08:00:00', '17:00:00', '현재강의', '20240710A03.png', '20240710A03_1.png', '', '2024-02-03 00:00:00'),
(13, '일식조리사로 창업하기', '20240710A03', '일식조리기능사', '창업', '평일', '202406EC01', '김선생', '서울시 강남구 00로 00빌딩 3층, 이지쿡', 1012341234, '중', 20, 4, '2024-06-01', '2024-06-30', '08:00:00', '17:00:00', '지난강의', '20240710A03.png', '20240710A03_1.png', '', '2024-02-03 00:00:00'),
(14, '취미로 일식요리하기', '20240710A03', '일식조리기능사', '취미', '평일', '202406EC02', '나교수', '서울시 강남구 00로 00빌딩 3층, 이지쿡', 1012341235, '중', 20, 3, '2024-06-01', '2024-07-30', '08:00:00', '17:00:00', '현재강의', '20240710A03.png', '20240710A03_1.png', '', '2024-02-03 00:00:00'),
(15, '자격증 취득을 위한 일식조리기능사', '20240710A03', '일식조리기능사', '자격증', '주말', '202406EC03', '박선생', '서울시 강남구 00로 00빌딩 3층, 이지쿡', 1012341236, '상', 10, 2, '2024-07-01', '2024-09-01', '08:00:00', '17:00:00', '현재강의', '20240710A03.png', '20240710A03_1.png', '', '2024-02-03 00:00:00'),
(16, '국비지원! 중식조리기능사', '20240710A04', '중식조리기능사', '국비', '평일', '202406EC04', '홍박사', '서울시 강남구 00로 00빌딩 3층, 이지쿡', 1012341237, '하', 20, 1, '2024-07-01', '2024-09-01', '08:00:00', '17:00:00', '현재강의', '20240710A04.png', '20240710A04_1.png', '', '2024-02-03 00:00:00'),
(17, '나도 할 수 있다! 중식조리기능사', '20240710A04', '중식조리기능사', '일반', '평일', '202406EC01', '김선생', '서울시 강남구 00로 00빌딩 3층, 이지쿡', 1012341234, '중', 20, 1, '2024-07-01', '2024-09-01', '08:00:00', '17:00:00', '현재강의', '20240710A04.png', '20240710A04_1.png', '', '2024-02-03 00:00:00'),
(18, '중식조리사로 창업하기', '20240710A04', '중식조리기능사', '창업', '평일', '202406EC02', '나교수', '서울시 강남구 00로 00빌딩 3층, 이지쿡', 1012341235, '중', 20, 2, '2024-07-01', '2024-09-01', '08:00:00', '17:00:00', '현재강의', '20240710A04.png', '20240710A04_1.png', '', '2024-02-03 00:00:00'),
(19, '취미로 중식요리하기', '20240710A04', '중식조리기능사', '취미', '평일', '202406EC03', '박선생', '서울시 강남구 00로 00빌딩 3층, 이지쿡', 1012341236, '상', 20, 3, '2024-07-02', '2024-09-02', '08:00:00', '17:00:00', '현재강의', '20240710A04.png', '20240710A04_1.png', '', '2024-02-03 00:00:00'),
(20, '자격증 취득을 위한 중식조리기능사', '20240710A04', '중식조리기능사', '자격증', '주말', '202406EC04', '홍박사', '서울시 강남구 00로 00빌딩 3층, 이지쿡', 1012341237, '하', 10, 4, '2024-07-02', '2024-09-02', '08:00:00', '17:00:00', '현재강의', '20240710A04.png', '20240710A04_1.png', '자격증 취득을 위한 중식조리기능사', '2024-02-03 00:00:00'),
(21, '국비지원! 제과제빵전문가', '20240710A05', '베이커리', '국비', '평일', '202406EC01', '김선생', '서울시 강남구 00로 00빌딩 3층, 이지쿡', 1012341234, '중', 20, 4, '2024-07-02', '2024-09-02', '08:00:00', '17:00:00', '현재강의', '20240710A05.png', '20240710A05_1.png', '국비지원! 제과제빵전문가', '2024-02-03 00:00:00'),
(22, '나도 홈카페 해보자! 제과제빵!', '20240710A05', '베이커리', '일반', '평일', '202406EC02', '나교수', '서울시 강남구 00로 00빌딩 3층, 이지쿡', 1012341235, '중', 20, 3, '2024-07-02', '2024-09-02', '08:00:00', '17:00:00', '현재강의', '20240710A05.png', '20240710A05_1.png', '나도 홈카페 해보자! 제과제빵!', '2024-02-03 00:00:00'),
(23, '나만의 베이커리 창업하기', '20240710A05', '베이커리', '창업', '평일', '202406EC03', '박선생', '서울시 강남구 00로 00빌딩 3층, 이지쿡', 1012341236, '상', 20, 2, '2024-07-03', '2024-09-03', '08:00:00', '17:00:00', '현재강의', '20240710A05.png', '20240710A05_1.png', '나만의 베이커리 창업하기', '2024-02-03 00:00:00'),
(24, '취미로 하는 나만의 베이커리', '20240710A05', '베이커리', '취미', '평일', '202406EC04', '홍박사', '서울시 강남구 00로 00빌딩 3층, 이지쿡', 1012341237, '하', 20, 1, '2024-07-03', '2024-09-03', '08:00:00', '17:00:00', '현재강의', '20240710A05.png', '20240710A05_1.png', '취미로 하는 나만의 베이커리', '2024-02-03 00:00:00'),
(25, '자격증 취득을 위한 제과제빵전문가 과정', '20240710A05', '베이커리', '자격증', '주말', '202406EC01', '김선생', '서울시 강남구 00로 00빌딩 3층, 이지쿡', 1012341234, '중', 10, 1, '2024-07-03', '2024-09-03', '08:00:00', '17:00:00', '현재강의', '20240710A05.png', '20240710A05_1.png', '자격증 취득을 위한 제과제빵전문가 과정', '2024-02-03 00:00:00'),
(26, '국비지원! 바리스타', '20240710A06', '바리스타', '국비', '평일', '202406EC02', '나교수', '서울시 강남구 00로 00빌딩 3층, 이지쿡', 1012341235, '중', 20, 2, '2024-07-03', '2024-09-03', '08:00:00', '17:00:00', '현재강의', '20240710A06.png', '20240710A06_1.png', '국비지원! 한식조리기능사', '2024-02-03 00:00:00'),
(27, '나도 할 수 있다!  바리스타', '20240710A06', '바리스타', '일반', '평일', '202406EC03', '박선생', '서울시 강남구 00로 00빌딩 3층, 이지쿡', 1012341236, '상', 20, 3, '2024-09-01', '2024-10-30', '08:00:00', '17:00:00', '예정강의', '20240710A06.png', '20240710A06_1.png', '나도 할 수 있다! 한식조리기능사', '2024-02-03 00:00:00'),
(28, ' 바리스타로 창업하기', '20240710A06', '바리스타', '창업', '평일', '202406EC04', '홍박사', '서울시 강남구 00로 00빌딩 3층, 이지쿡', 1012341237, '하', 20, 4, '2024-09-01', '2024-10-30', '08:00:00', '17:00:00', '예정강의', '20240710A06.png', '20240710A06_1.png', '한식조리사로 창업하기', '2024-02-03 00:00:00'),
(29, '취미로  바리스타', '20240710A06', '바리스타', '취미', '평일', '202406EC01', '김선생', '서울시 강남구 00로 00빌딩 3층, 이지쿡', 1012341234, '중', 20, 4, '2024-09-01', '2024-10-30', '08:00:00', '17:00:00', '예정강의', '20240710A06.png', '20240710A06_1.png', '', '2024-02-03 00:00:00'),
(30, '자격증 취득을 위한 바리스타전문가 과정', '20240710A06', '바리스타', '자격증', '주말', '202406EC02', '나교수', '서울시 강남구 00로 00빌딩 3층, 이지쿡', 1012341235, '중', 10, 3, '2024-09-01', '2024-10-30', '08:00:00', '17:00:00', '예정강의', '20240710A06.png', '20240710A06_1.png', '', '2024-02-03 00:00:00');

-- --------------------------------------------------------

--
-- 테이블 구조 `attendance`
--

CREATE TABLE `attendance` (
  `no` int NOT NULL,
  `class_no` int NOT NULL,
  `id` varchar(255) NOT NULL DEFAULT '',
  `name` varchar(255) NOT NULL DEFAULT '',
  `teacher_code` varchar(255) NOT NULL DEFAULT '',
  `datetime` datetime NOT NULL DEFAULT CURRENT_TIMESTAMP
) ENGINE=InnoDB DEFAULT CHARSET=utf8mb3;

--
-- 테이블의 덤프 데이터 `attendance`
--

INSERT INTO `attendance` (`no`, `class_no`, `id`, `name`, `teacher_code`, `datetime`) VALUES
(1, 1, 'student2', '이초보', '20240710A01', '2024-07-21 00:00:00'),
(2, 1, 'student3', '이프로', '20240710A01', '2024-07-21 00:00:00'),
(3, 1, 'student4', '김초보', '20240710A01', '2024-07-21 00:00:00'),
(4, 1, 'student5', '김프로', '20240710A01', '2024-07-21 00:00:00'),
(5, 1, 'student6', '박프로', '20240710A01', '2024-07-21 00:00:00'),
(6, 1, 'student8', '김박사', '20240710A01', '2024-07-21 00:00:00'),
(7, 1, 'student9', '김학생', '20240710A01', '2024-07-21 00:00:00'),
(8, 1, 'student10', '나학생', '20240710A01', '2024-07-21 00:00:00'),
(9, 1, 'student11', '양학생', '20240710A01', '2024-07-21 00:00:00'),
(10, 1, 'student12', '채학생', '20240710A01', '2024-07-21 00:00:00'),
(11, 1, 'student13', '채프로', '20240710A01', '2024-07-21 00:00:00'),
(12, 1, 'student14', '김요리', '20240710A01', '2024-07-21 00:00:00'),
(13, 1, 'student15', '나천재', '20240710A01', '2024-07-21 00:00:00'),
(14, 1, 'student16', '최초보', '20240710A01', '2024-07-21 00:00:00'),
(15, 1, 'student17', '최프로', '20240710A01', '2024-07-21 00:00:00'),
(16, 30, 'student18', '최천재', '20240710A06', '2024-07-21 00:00:00'),
(17, 30, 'student19', '양천채', '20240710A06', '2024-07-21 00:00:00'),
(18, 30, 'student20', '하초보', '20240710A06', '2024-07-21 00:00:00'),
(19, 9, 'student1', '이학생', '20240710A02', '2024-07-21 00:00:00'),
(20, 9, 'student2', '이초보', '20240710A02', '2024-07-21 00:00:00'),
(21, 9, 'student3', '이프로', '20240710A02', '2024-07-21 00:00:00'),
(22, 9, 'student4', '김초보', '20240710A02', '2024-07-21 00:00:00'),
(23, 9, 'student5', '김프로', '20240710A02', '2024-07-21 00:00:00'),
(24, 9, 'student6', '박프로', '20240710A02', '2024-07-21 00:00:00'),
(25, 9, 'student8', '김박사', '20240710A02', '2024-07-21 00:00:00'),
(26, 9, 'student9', '김학생', '20240710A02', '2024-07-21 00:00:00'),
(27, 18, 'student10', '나학생', '20240710A04', '2024-07-21 00:00:00'),
(28, 18, 'student11', '양학생', '20240710A04', '2024-07-21 00:00:00'),
(29, 18, 'student12', '채학생', '20240710A04', '2024-07-21 00:00:00'),
(30, 18, 'student13', '채프로', '20240710A04', '2024-07-21 00:00:00'),
(31, 18, 'student14', '김요리', '20240710A04', '2024-07-21 00:00:00'),
(32, 18, 'student15', '나천재', '20240710A04', '2024-07-21 00:00:00'),
(33, 18, 'student16', '최초보', '20240710A04', '2024-07-21 00:00:00'),
(34, 18, 'student17', '최프로', '20240710A04', '2024-07-21 00:00:00'),
(35, 12, 'student10', '나학생', '20240710A03', '2024-07-21 00:00:00'),
(36, 12, 'student11', '양학생', '20240710A03', '2024-07-21 00:00:00'),
(37, 12, 'student13', '채프로', '20240710A03', '2024-07-21 00:00:00'),
(38, 12, 'student14', '김요리', '20240710A03', '2024-07-21 00:00:00'),
(39, 12, 'student15', '나천재', '20240710A03', '2024-07-21 00:00:00'),
(40, 12, 'student16', '최초보', '20240710A03', '2024-07-21 00:00:00'),
(41, 12, 'student17', '최프로', '20240710A03', '2024-07-21 00:00:00'),
(42, 12, 'student18', '최천재', '20240710A03', '2024-07-21 00:00:00'),
(43, 12, 'student19', '양천채', '20240710A03', '2024-07-21 00:00:00'),
(44, 12, 'student20', '하초보', '20240710A03', '2024-07-21 00:00:00'),
(45, 21, 'student17', '최프로', '20240710A05', '2024-07-21 00:00:00'),
(46, 21, 'student18', '최천재', '20240710A05', '2024-07-21 00:00:00'),
(47, 21, 'student19', '양천채', '20240710A05', '2024-07-21 00:00:00'),
(48, 21, 'student20', '하초보', '20240710A05', '2024-07-21 00:00:00'),
(49, 26, 'student2', '이초보', '20240710A06', '2024-07-21 00:00:00'),
(50, 26, 'student3', '이프로', '20240710A06', '2024-07-21 00:00:00'),
(51, 26, 'student4', '김초보', '20240710A06', '2024-07-21 00:00:00'),
(52, 26, 'student5', '김프로', '20240710A06', '2024-07-21 00:00:00'),
(53, 26, 'student6', '박프로', '20240710A06', '2024-07-21 00:00:00'),
(54, 26, 'student7', '박초보', '20240710A06', '2024-07-21 00:00:00'),
(55, 26, 'student5', '김프로', '20240710A06', '2024-07-21 00:00:00'),
(56, 26, 'student6', '박프로', '20240710A06', '2024-07-21 00:00:00'),
(57, 26, 'student7', '박초보', '20240710A06', '2024-07-21 00:00:00'),
(58, 26, 'student8', '김박사', '20240710A06', '2024-07-21 00:00:00'),
(59, 26, 'student9', '김학생', '20240710A06', '2024-07-21 00:00:00'),
(60, 26, 'student10', '나학생', '20240710A06', '2024-07-21 00:00:00'),
(61, 26, 'student11', '양학생', '20240710A06', '2024-07-21 00:00:00'),
(62, 26, 'student12', '채학생', '20240710A06', '2024-07-21 00:00:00'),
(63, 26, 'student13', '채프로', '20240710A06', '2024-07-21 00:00:00'),
(64, 26, 'student14', '김요리', '20240710A06', '2024-07-21 00:00:00'),
(65, 26, 'student15', '나천재', '20240710A06', '2024-07-21 00:00:00'),
(66, 26, 'student16', '최초보', '20240710A06', '2024-07-21 00:00:00'),
(67, 26, 'student17', '최프로', '20240710A06', '2024-07-21 00:00:00'),
(68, 1, 'student1', '이학생', '20240710A01', '2024-07-22 00:00:00'),
(69, 1, 'student2', '이초보', '20240710A01', '2024-07-22 00:00:00'),
(70, 1, 'student3', '이프로', '20240710A01', '2024-07-22 00:00:00'),
(71, 1, 'student4', '김초보', '20240710A01', '2024-07-22 00:00:00'),
(72, 1, 'student8', '김박사', '20240710A01', '2024-07-22 00:00:00'),
(73, 1, 'student9', '김학생', '20240710A01', '2024-07-22 00:00:00'),
(74, 1, 'student10', '나학생', '20240710A01', '2024-07-22 00:00:00'),
(75, 1, 'student11', '양학생', '20240710A01', '2024-07-22 00:00:00'),
(76, 1, 'student12', '채학생', '20240710A01', '2024-07-22 00:00:00'),
(77, 1, 'student13', '채프로', '20240710A01', '2024-07-22 00:00:00'),
(78, 1, 'student14', '김요리', '20240710A01', '2024-07-22 00:00:00'),
(79, 1, 'student15', '나천재', '20240710A01', '2024-07-22 00:00:00'),
(80, 1, 'student16', '최초보', '20240710A01', '2024-07-22 00:00:00'),
(81, 1, 'student17', '최프로', '20240710A01', '2024-07-22 00:00:00'),
(82, 30, 'student18', '최천재', '20240710A06', '2024-07-22 00:00:00'),
(83, 30, 'student19', '양천채', '20240710A06', '2024-07-22 00:00:00'),
(84, 30, 'student20', '하초보', '20240710A06', '2024-07-22 00:00:00'),
(85, 9, 'student1', '이학생', '20240710A02', '2024-07-22 00:00:00'),
(86, 9, 'student2', '이초보', '20240710A02', '2024-07-22 00:00:00'),
(87, 9, 'student3', '이프로', '20240710A02', '2024-07-22 00:00:00'),
(88, 9, 'student4', '김초보', '20240710A02', '2024-07-22 00:00:00'),
(89, 9, 'student5', '김프로', '20240710A02', '2024-07-22 00:00:00'),
(90, 9, 'student6', '박프로', '20240710A02', '2024-07-22 00:00:00'),
(91, 9, 'student7', '박초보', '20240710A02', '2024-07-22 00:00:00'),
(92, 9, 'student8', '김박사', '20240710A02', '2024-07-22 00:00:00'),
(93, 9, 'student9', '김학생', '20240710A02', '2024-07-22 00:00:00'),
(94, 18, 'student11', '양학생', '20240710A04', '2024-07-22 00:00:00'),
(95, 18, 'student12', '채학생', '20240710A04', '2024-07-22 00:00:00'),
(96, 18, 'student13', '채프로', '20240710A04', '2024-07-22 00:00:00'),
(97, 18, 'student14', '김요리', '20240710A04', '2024-07-22 00:00:00'),
(98, 18, 'student15', '나천재', '20240710A04', '2024-07-22 00:00:00'),
(99, 18, 'student17', '최프로', '20240710A04', '2024-07-22 00:00:00'),
(100, 12, 'student11', '양학생', '20240710A03', '2024-07-22 00:00:00'),
(101, 12, 'student12', '채학생', '20240710A03', '2024-07-22 00:00:00'),
(102, 12, 'student13', '채프로', '20240710A03', '2024-07-22 00:00:00'),
(103, 12, 'student14', '김요리', '20240710A03', '2024-07-22 00:00:00'),
(104, 12, 'student15', '나천재', '20240710A03', '2024-07-22 00:00:00'),
(105, 12, 'student16', '최초보', '20240710A03', '2024-07-22 00:00:00'),
(106, 12, 'student17', '최프로', '20240710A03', '2024-07-22 00:00:00'),
(107, 12, 'student18', '최천재', '20240710A03', '2024-07-22 00:00:00'),
(108, 12, 'student19', '양천채', '20240710A03', '2024-07-22 00:00:00'),
(109, 12, 'student20', '하초보', '20240710A03', '2024-07-22 00:00:00'),
(110, 21, 'student17', '최프로', '20240710A05', '2024-07-22 00:00:00'),
(111, 21, 'student18', '최천재', '20240710A05', '2024-07-22 00:00:00'),
(112, 21, 'student19', '양천채', '20240710A05', '2024-07-22 00:00:00'),
(113, 21, 'student20', '하초보', '20240710A05', '2024-07-22 00:00:00'),
(114, 26, 'student2', '이초보', '20240710A06', '2024-07-22 00:00:00'),
(115, 26, 'student3', '이프로', '20240710A06', '2024-07-22 00:00:00'),
(116, 26, 'student4', '김초보', '20240710A06', '2024-07-22 00:00:00'),
(117, 26, 'student5', '김프로', '20240710A06', '2024-07-22 00:00:00'),
(118, 26, 'student6', '박프로', '20240710A06', '2024-07-22 00:00:00'),
(119, 26, 'student7', '박초보', '20240710A06', '2024-07-22 00:00:00'),
(120, 26, 'student5', '김프로', '20240710A06', '2024-07-22 00:00:00'),
(121, 26, 'student6', '박프로', '20240710A06', '2024-07-22 00:00:00'),
(122, 26, 'student7', '박초보', '20240710A06', '2024-07-22 00:00:00'),
(123, 26, 'student8', '김박사', '20240710A06', '2024-07-22 00:00:00'),
(124, 26, 'student9', '김학생', '20240710A06', '2024-07-22 00:00:00'),
(125, 26, 'student11', '양학생', '20240710A06', '2024-07-22 00:00:00'),
(126, 26, 'student12', '채학생', '20240710A06', '2024-07-22 00:00:00'),
(127, 26, 'student14', '김요리', '20240710A06', '2024-07-22 00:00:00'),
(128, 26, 'student15', '나천재', '20240710A06', '2024-07-22 00:00:00'),
(129, 26, 'student16', '최초보', '20240710A06', '2024-07-22 00:00:00'),
(130, 26, 'student17', '최프로', '20240710A06', '2024-07-22 00:00:00'),
(131, 1, 'student1', '이학생', '20240710A01', '2024-07-23 00:00:00'),
(132, 1, 'student2', '이초보', '20240710A01', '2024-07-23 00:00:00'),
(133, 1, 'student3', '이프로', '20240710A01', '2024-07-23 00:00:00'),
(134, 1, 'student4', '김초보', '20240710A01', '2024-07-23 00:00:00'),
(135, 1, 'student5', '김프로', '20240710A01', '2024-07-23 00:00:00'),
(136, 1, 'student6', '박프로', '20240710A01', '2024-07-23 00:00:00'),
(137, 1, 'student7', '박초보', '20240710A01', '2024-07-23 00:00:00'),
(138, 1, 'student8', '김박사', '20240710A01', '2024-07-23 00:00:00'),
(139, 1, 'student9', '김학생', '20240710A01', '2024-07-23 00:00:00'),
(140, 1, 'student10', '나학생', '20240710A01', '2024-07-23 00:00:00'),
(141, 1, 'student11', '양학생', '20240710A01', '2024-07-23 00:00:00'),
(142, 1, 'student12', '채학생', '20240710A01', '2024-07-23 00:00:00'),
(143, 1, 'student13', '채프로', '20240710A01', '2024-07-23 00:00:00'),
(144, 1, 'student14', '김요리', '20240710A01', '2024-07-23 00:00:00'),
(145, 1, 'student15', '나천재', '20240710A01', '2024-07-23 00:00:00'),
(146, 1, 'student16', '최초보', '20240710A01', '2024-07-23 00:00:00'),
(147, 1, 'student17', '최프로', '20240710A01', '2024-07-23 00:00:00'),
(148, 30, 'student18', '최천재', '20240710A06', '2024-07-23 00:00:00'),
(149, 30, 'student19', '양천채', '20240710A06', '2024-07-23 00:00:00'),
(150, 30, 'student20', '하초보', '20240710A06', '2024-07-23 00:00:00'),
(151, 9, 'student1', '이학생', '20240710A02', '2024-07-23 00:00:00'),
(152, 9, 'student2', '이초보', '20240710A02', '2024-07-23 00:00:00'),
(153, 9, 'student3', '이프로', '20240710A02', '2024-07-23 00:00:00'),
(154, 9, 'student4', '김초보', '20240710A02', '2024-07-23 00:00:00'),
(155, 9, 'student6', '박프로', '20240710A02', '2024-07-23 00:00:00'),
(156, 9, 'student7', '박초보', '20240710A02', '2024-07-23 00:00:00'),
(157, 9, 'student8', '김박사', '20240710A02', '2024-07-23 00:00:00'),
(158, 9, 'student9', '김학생', '20240710A02', '2024-07-23 00:00:00'),
(159, 18, 'student10', '나학생', '20240710A04', '2024-07-23 00:00:00'),
(160, 18, 'student11', '양학생', '20240710A04', '2024-07-23 00:00:00'),
(161, 18, 'student13', '채프로', '20240710A04', '2024-07-23 00:00:00'),
(162, 18, 'student14', '김요리', '20240710A04', '2024-07-23 00:00:00'),
(163, 18, 'student15', '나천재', '20240710A04', '2024-07-23 00:00:00'),
(164, 18, 'student16', '최초보', '20240710A04', '2024-07-23 00:00:00'),
(165, 18, 'student17', '최프로', '20240710A04', '2024-07-23 00:00:00'),
(166, 12, 'student10', '나학생', '20240710A03', '2024-07-23 00:00:00'),
(167, 12, 'student11', '양학생', '20240710A03', '2024-07-23 00:00:00'),
(168, 12, 'student12', '채학생', '20240710A03', '2024-07-23 00:00:00'),
(169, 12, 'student13', '채프로', '20240710A03', '2024-07-23 00:00:00'),
(170, 12, 'student14', '김요리', '20240710A03', '2024-07-23 00:00:00'),
(171, 12, 'student15', '나천재', '20240710A03', '2024-07-23 00:00:00'),
(172, 12, 'student16', '최초보', '20240710A03', '2024-07-23 00:00:00'),
(173, 12, 'student17', '최프로', '20240710A03', '2024-07-23 00:00:00'),
(174, 12, 'student19', '양천채', '20240710A03', '2024-07-23 00:00:00'),
(175, 12, 'student20', '하초보', '20240710A03', '2024-07-23 00:00:00'),
(176, 21, 'student17', '최프로', '20240710A05', '2024-07-23 00:00:00'),
(177, 21, 'student19', '양천채', '20240710A05', '2024-07-23 00:00:00'),
(178, 21, 'student20', '하초보', '20240710A05', '2024-07-23 00:00:00'),
(179, 26, 'student2', '이초보', '20240710A06', '2024-07-23 00:00:00'),
(180, 26, 'student3', '이프로', '20240710A06', '2024-07-23 00:00:00'),
(181, 26, 'student4', '김초보', '20240710A06', '2024-07-23 00:00:00'),
(182, 26, 'student5', '김프로', '20240710A06', '2024-07-23 00:00:00'),
(183, 26, 'student6', '박프로', '20240710A06', '2024-07-23 00:00:00'),
(184, 26, 'student7', '박초보', '20240710A06', '2024-07-23 00:00:00'),
(185, 26, 'student5', '김프로', '20240710A06', '2024-07-23 00:00:00'),
(186, 26, 'student6', '박프로', '20240710A06', '2024-07-23 00:00:00'),
(187, 26, 'student7', '박초보', '20240710A06', '2024-07-23 00:00:00'),
(188, 26, 'student8', '김박사', '20240710A06', '2024-07-23 00:00:00'),
(189, 26, 'student9', '김학생', '20240710A06', '2024-07-23 00:00:00'),
(190, 26, 'student10', '나학생', '20240710A06', '2024-07-23 00:00:00'),
(191, 26, 'student11', '양학생', '20240710A06', '2024-07-23 00:00:00'),
(192, 26, 'student12', '채학생', '20240710A06', '2024-07-23 00:00:00'),
(193, 26, 'student13', '채프로', '20240710A06', '2024-07-23 00:00:00'),
(194, 26, 'student14', '김요리', '20240710A06', '2024-07-23 00:00:00'),
(195, 26, 'student15', '나천재', '20240710A06', '2024-07-23 00:00:00'),
(196, 26, 'student16', '최초보', '20240710A06', '2024-07-23 00:00:00'),
(197, 26, 'student17', '최프로', '20240710A06', '2024-07-23 00:00:00'),
(198, 1, 'student1', '이학생', '20240710A01', '2024-07-24 00:00:00'),
(199, 1, 'student2', '이초보', '20240710A01', '2024-07-24 00:00:00'),
(200, 1, 'student3', '이프로', '20240710A01', '2024-07-24 00:00:00'),
(201, 1, 'student4', '김초보', '20240710A01', '2024-07-24 00:00:00'),
(202, 1, 'student5', '김프로', '20240710A01', '2024-07-24 00:00:00'),
(203, 1, 'student6', '박프로', '20240710A01', '2024-07-24 00:00:00'),
(204, 1, 'student7', '박초보', '20240710A01', '2024-07-24 00:00:00'),
(205, 1, 'student9', '김학생', '20240710A01', '2024-07-24 00:00:00'),
(206, 1, 'student10', '나학생', '20240710A01', '2024-07-24 00:00:00'),
(207, 1, 'student12', '채학생', '20240710A01', '2024-07-24 00:00:00'),
(208, 1, 'student13', '채프로', '20240710A01', '2024-07-24 00:00:00'),
(209, 1, 'student14', '김요리', '20240710A01', '2024-07-24 00:00:00'),
(210, 1, 'student15', '나천재', '20240710A01', '2024-07-24 00:00:00'),
(211, 1, 'student16', '최초보', '20240710A01', '2024-07-24 00:00:00'),
(212, 1, 'student17', '최프로', '20240710A01', '2024-07-24 00:00:00'),
(213, 30, 'student18', '최천재', '20240710A06', '2024-07-24 00:00:00'),
(214, 30, 'student19', '양천채', '20240710A06', '2024-07-24 00:00:00'),
(215, 30, 'student20', '하초보', '20240710A06', '2024-07-24 00:00:00'),
(216, 9, 'student1', '이학생', '20240710A02', '2024-07-24 00:00:00'),
(217, 9, 'student2', '이초보', '20240710A02', '2024-07-24 00:00:00'),
(218, 9, 'student3', '이프로', '20240710A02', '2024-07-24 00:00:00'),
(219, 9, 'student4', '김초보', '20240710A02', '2024-07-24 00:00:00'),
(220, 9, 'student5', '김프로', '20240710A02', '2024-07-24 00:00:00'),
(221, 9, 'student6', '박프로', '20240710A02', '2024-07-24 00:00:00'),
(222, 9, 'student7', '박초보', '20240710A02', '2024-07-24 00:00:00'),
(223, 9, 'student8', '김박사', '20240710A02', '2024-07-24 00:00:00'),
(224, 9, 'student9', '김학생', '20240710A02', '2024-07-24 00:00:00'),
(225, 18, 'student10', '나학생', '20240710A04', '2024-07-24 00:00:00'),
(226, 18, 'student11', '양학생', '20240710A04', '2024-07-24 00:00:00'),
(227, 18, 'student12', '채학생', '20240710A04', '2024-07-24 00:00:00'),
(228, 18, 'student13', '채프로', '20240710A04', '2024-07-24 00:00:00'),
(229, 18, 'student14', '김요리', '20240710A04', '2024-07-24 00:00:00'),
(230, 18, 'student15', '나천재', '20240710A04', '2024-07-24 00:00:00'),
(231, 18, 'student16', '최초보', '20240710A04', '2024-07-24 00:00:00'),
(232, 12, 'student10', '나학생', '20240710A03', '2024-07-24 00:00:00'),
(233, 12, 'student14', '김요리', '20240710A03', '2024-07-24 00:00:00'),
(234, 12, 'student15', '나천재', '20240710A03', '2024-07-24 00:00:00'),
(235, 12, 'student16', '최초보', '20240710A03', '2024-07-24 00:00:00'),
(236, 12, 'student17', '최프로', '20240710A03', '2024-07-24 00:00:00'),
(237, 12, 'student18', '최천재', '20240710A03', '2024-07-24 00:00:00'),
(238, 12, 'student19', '양천채', '20240710A03', '2024-07-24 00:00:00'),
(239, 12, 'student20', '하초보', '20240710A03', '2024-07-24 00:00:00'),
(240, 21, 'student17', '최프로', '20240710A05', '2024-07-24 00:00:00'),
(241, 21, 'student18', '최천재', '20240710A05', '2024-07-24 00:00:00'),
(242, 21, 'student19', '양천채', '20240710A05', '2024-07-24 00:00:00'),
(243, 21, 'student20', '하초보', '20240710A05', '2024-07-24 00:00:00'),
(244, 26, 'student2', '이초보', '20240710A06', '2024-07-24 00:00:00'),
(245, 26, 'student3', '이프로', '20240710A06', '2024-07-24 00:00:00'),
(246, 26, 'student4', '김초보', '20240710A06', '2024-07-24 00:00:00'),
(247, 26, 'student5', '김프로', '20240710A06', '2024-07-24 00:00:00'),
(248, 26, 'student6', '박프로', '20240710A06', '2024-07-24 00:00:00'),
(249, 26, 'student7', '박초보', '20240710A06', '2024-07-24 00:00:00'),
(250, 26, 'student5', '김프로', '20240710A06', '2024-07-24 00:00:00'),
(251, 26, 'student6', '박프로', '20240710A06', '2024-07-24 00:00:00'),
(252, 26, 'student7', '박초보', '20240710A06', '2024-07-24 00:00:00'),
(253, 26, 'student8', '김박사', '20240710A06', '2024-07-24 00:00:00'),
(254, 26, 'student9', '김학생', '20240710A06', '2024-07-24 00:00:00'),
(255, 26, 'student13', '채프로', '20240710A06', '2024-07-24 00:00:00'),
(256, 26, 'student14', '김요리', '20240710A06', '2024-07-24 00:00:00'),
(257, 26, 'student15', '나천재', '20240710A06', '2024-07-24 00:00:00'),
(258, 26, 'student16', '최초보', '20240710A06', '2024-07-24 00:00:00'),
(259, 26, 'student17', '최프로', '20240710A06', '2024-07-24 00:00:00'),
(260, 1, 'student1', '이학생', '20240710A01', '2024-07-25 00:00:00'),
(261, 1, 'student2', '이초보', '20240710A01', '2024-07-25 00:00:00'),
(262, 1, 'student3', '이프로', '20240710A01', '2024-07-25 00:00:00'),
(263, 1, 'student4', '김초보', '20240710A01', '2024-07-25 00:00:00'),
(264, 1, 'student5', '김프로', '20240710A01', '2024-07-25 00:00:00'),
(265, 1, 'student6', '박프로', '20240710A01', '2024-07-25 00:00:00'),
(266, 1, 'student7', '박초보', '20240710A01', '2024-07-25 00:00:00'),
(267, 1, 'student8', '김박사', '20240710A01', '2024-07-25 00:00:00'),
(268, 1, 'student9', '김학생', '20240710A01', '2024-07-25 00:00:00'),
(269, 1, 'student10', '나학생', '20240710A01', '2024-07-25 00:00:00'),
(270, 1, 'student11', '양학생', '20240710A01', '2024-07-25 00:00:00'),
(271, 1, 'student12', '채학생', '20240710A01', '2024-07-25 00:00:00'),
(272, 1, 'student16', '최초보', '20240710A01', '2024-07-25 00:00:00'),
(273, 1, 'student17', '최프로', '20240710A01', '2024-07-25 00:00:00'),
(274, 30, 'student18', '최천재', '20240710A06', '2024-07-25 00:00:00'),
(275, 30, 'student19', '양천채', '20240710A06', '2024-07-25 00:00:00'),
(276, 30, 'student20', '하초보', '20240710A06', '2024-07-25 00:00:00'),
(277, 9, 'student1', '이학생', '20240710A02', '2024-07-25 00:00:00'),
(278, 9, 'student2', '이초보', '20240710A02', '2024-07-25 00:00:00'),
(279, 9, 'student3', '이프로', '20240710A02', '2024-07-25 00:00:00'),
(280, 9, 'student4', '김초보', '20240710A02', '2024-07-25 00:00:00'),
(281, 9, 'student5', '김프로', '20240710A02', '2024-07-25 00:00:00'),
(282, 9, 'student6', '박프로', '20240710A02', '2024-07-25 00:00:00'),
(283, 9, 'student7', '박초보', '20240710A02', '2024-07-25 00:00:00'),
(284, 9, 'student8', '김박사', '20240710A02', '2024-07-25 00:00:00'),
(285, 9, 'student9', '김학생', '20240710A02', '2024-07-25 00:00:00'),
(286, 18, 'student14', '김요리', '20240710A04', '2024-07-25 00:00:00'),
(287, 18, 'student15', '나천재', '20240710A04', '2024-07-25 00:00:00'),
(288, 18, 'student16', '최초보', '20240710A04', '2024-07-25 00:00:00'),
(289, 18, 'student17', '최프로', '20240710A04', '2024-07-25 00:00:00'),
(290, 12, 'student10', '나학생', '20240710A03', '2024-07-25 00:00:00'),
(291, 12, 'student11', '양학생', '20240710A03', '2024-07-25 00:00:00'),
(292, 12, 'student12', '채학생', '20240710A03', '2024-07-25 00:00:00'),
(293, 12, 'student13', '채프로', '20240710A03', '2024-07-25 00:00:00'),
(294, 12, 'student14', '김요리', '20240710A03', '2024-07-25 00:00:00'),
(295, 12, 'student15', '나천재', '20240710A03', '2024-07-25 00:00:00'),
(296, 12, 'student16', '최초보', '20240710A03', '2024-07-25 00:00:00'),
(297, 12, 'student17', '최프로', '20240710A03', '2024-07-25 00:00:00'),
(298, 12, 'student18', '최천재', '20240710A03', '2024-07-25 00:00:00'),
(299, 12, 'student19', '양천채', '20240710A03', '2024-07-25 00:00:00'),
(300, 12, 'student20', '하초보', '20240710A03', '2024-07-25 00:00:00'),
(301, 21, 'student17', '최프로', '20240710A05', '2024-07-25 00:00:00'),
(302, 21, 'student18', '최천재', '20240710A05', '2024-07-25 00:00:00'),
(303, 21, 'student19', '양천채', '20240710A05', '2024-07-25 00:00:00'),
(304, 21, 'student20', '하초보', '20240710A05', '2024-07-25 00:00:00'),
(305, 26, 'student2', '이초보', '20240710A06', '2024-07-25 00:00:00'),
(306, 26, 'student3', '이프로', '20240710A06', '2024-07-25 00:00:00'),
(307, 26, 'student4', '김초보', '20240710A06', '2024-07-25 00:00:00'),
(308, 26, 'student5', '김프로', '20240710A06', '2024-07-25 00:00:00'),
(309, 26, 'student6', '박프로', '20240710A06', '2024-07-25 00:00:00'),
(310, 26, 'student7', '박초보', '20240710A06', '2024-07-25 00:00:00'),
(311, 26, 'student5', '김프로', '20240710A06', '2024-07-25 00:00:00'),
(312, 26, 'student6', '박프로', '20240710A06', '2024-07-25 00:00:00'),
(313, 26, 'student7', '박초보', '20240710A06', '2024-07-25 00:00:00'),
(314, 26, 'student8', '김박사', '20240710A06', '2024-07-25 00:00:00'),
(315, 26, 'student9', '김학생', '20240710A06', '2024-07-25 00:00:00'),
(316, 26, 'student10', '나학생', '20240710A06', '2024-07-25 00:00:00'),
(317, 26, 'student11', '양학생', '20240710A06', '2024-07-25 00:00:00'),
(318, 26, 'student12', '채학생', '20240710A06', '2024-07-25 00:00:00'),
(319, 26, 'student13', '채프로', '20240710A06', '2024-07-25 00:00:00'),
(320, 26, 'student14', '김요리', '20240710A06', '2024-07-25 00:00:00'),
(321, 26, 'student15', '나천재', '20240710A06', '2024-07-25 00:00:00'),
(322, 26, 'student16', '최초보', '20240710A06', '2024-07-25 00:00:00'),
(323, 26, 'student17', '최프로', '20240710A06', '2024-07-25 00:00:00'),
(324, 1, 'student1', '이학생', '20240710A01', '2024-07-26 00:00:00'),
(325, 1, 'student2', '이초보', '20240710A01', '2024-07-26 00:00:00'),
(326, 1, 'student3', '이프로', '20240710A01', '2024-07-26 00:00:00'),
(327, 1, 'student4', '김초보', '20240710A01', '2024-07-26 00:00:00'),
(328, 1, 'student5', '김프로', '20240710A01', '2024-07-26 00:00:00'),
(329, 1, 'student6', '박프로', '20240710A01', '2024-07-26 00:00:00'),
(330, 1, 'student7', '박초보', '20240710A01', '2024-07-26 00:00:00'),
(331, 1, 'student8', '김박사', '20240710A01', '2024-07-26 00:00:00'),
(332, 1, 'student9', '김학생', '20240710A01', '2024-07-26 00:00:00'),
(333, 1, 'student10', '나학생', '20240710A01', '2024-07-26 00:00:00'),
(334, 1, 'student11', '양학생', '20240710A01', '2024-07-26 00:00:00'),
(335, 1, 'student12', '채학생', '20240710A01', '2024-07-26 00:00:00'),
(336, 1, 'student13', '채프로', '20240710A01', '2024-07-26 00:00:00'),
(337, 1, 'student14', '김요리', '20240710A01', '2024-07-26 00:00:00'),
(338, 30, 'student18', '최천재', '20240710A06', '2024-07-26 00:00:00'),
(339, 30, 'student19', '양천채', '20240710A06', '2024-07-26 00:00:00'),
(340, 30, 'student20', '하초보', '20240710A06', '2024-07-26 00:00:00'),
(341, 9, 'student1', '이학생', '20240710A02', '2024-07-26 00:00:00'),
(342, 9, 'student2', '이초보', '20240710A02', '2024-07-26 00:00:00'),
(343, 9, 'student3', '이프로', '20240710A02', '2024-07-26 00:00:00'),
(344, 9, 'student4', '김초보', '20240710A02', '2024-07-26 00:00:00'),
(345, 9, 'student5', '김프로', '20240710A02', '2024-07-26 00:00:00'),
(346, 9, 'student6', '박프로', '20240710A02', '2024-07-26 00:00:00'),
(347, 9, 'student7', '박초보', '20240710A02', '2024-07-26 00:00:00'),
(348, 9, 'student8', '김박사', '20240710A02', '2024-07-26 00:00:00'),
(349, 9, 'student9', '김학생', '20240710A02', '2024-07-26 00:00:00'),
(350, 18, 'student10', '나학생', '20240710A04', '2024-07-26 00:00:00'),
(351, 18, 'student11', '양학생', '20240710A04', '2024-07-26 00:00:00'),
(352, 18, 'student12', '채학생', '20240710A04', '2024-07-26 00:00:00'),
(353, 18, 'student13', '채프로', '20240710A04', '2024-07-26 00:00:00'),
(354, 18, 'student14', '김요리', '20240710A04', '2024-07-26 00:00:00'),
(355, 18, 'student15', '나천재', '20240710A04', '2024-07-26 00:00:00'),
(356, 18, 'student16', '최초보', '20240710A04', '2024-07-26 00:00:00'),
(357, 18, 'student17', '최프로', '20240710A04', '2024-07-26 00:00:00'),
(358, 12, 'student10', '나학생', '20240710A03', '2024-07-26 00:00:00'),
(359, 12, 'student14', '김요리', '20240710A03', '2024-07-26 00:00:00'),
(360, 12, 'student15', '나천재', '20240710A03', '2024-07-26 00:00:00'),
(361, 12, 'student16', '최초보', '20240710A03', '2024-07-26 00:00:00'),
(362, 12, 'student17', '최프로', '20240710A03', '2024-07-26 00:00:00'),
(363, 12, 'student18', '최천재', '20240710A03', '2024-07-26 00:00:00'),
(364, 12, 'student19', '양천채', '20240710A03', '2024-07-26 00:00:00'),
(365, 12, 'student20', '하초보', '20240710A03', '2024-07-26 00:00:00'),
(366, 21, 'student17', '최프로', '20240710A05', '2024-07-26 00:00:00'),
(367, 21, 'student18', '최천재', '20240710A05', '2024-07-26 00:00:00'),
(368, 21, 'student19', '양천채', '20240710A05', '2024-07-26 00:00:00'),
(369, 21, 'student20', '하초보', '20240710A05', '2024-07-26 00:00:00'),
(370, 26, 'student2', '이초보', '20240710A06', '2024-07-26 00:00:00'),
(371, 26, 'student3', '이프로', '20240710A06', '2024-07-26 00:00:00'),
(372, 26, 'student4', '김초보', '20240710A06', '2024-07-26 00:00:00'),
(373, 26, 'student5', '김프로', '20240710A06', '2024-07-26 00:00:00'),
(374, 26, 'student6', '박프로', '20240710A06', '2024-07-26 00:00:00'),
(375, 26, 'student7', '박초보', '20240710A06', '2024-07-26 00:00:00'),
(376, 26, 'student5', '김프로', '20240710A06', '2024-07-26 00:00:00'),
(377, 26, 'student6', '박프로', '20240710A06', '2024-07-26 00:00:00'),
(378, 26, 'student7', '박초보', '20240710A06', '2024-07-26 00:00:00'),
(379, 26, 'student8', '김박사', '20240710A06', '2024-07-26 00:00:00'),
(380, 26, 'student9', '김학생', '20240710A06', '2024-07-26 00:00:00'),
(381, 26, 'student10', '나학생', '20240710A06', '2024-07-26 00:00:00'),
(382, 26, 'student11', '양학생', '20240710A06', '2024-07-26 00:00:00'),
(383, 26, 'student12', '채학생', '20240710A06', '2024-07-26 00:00:00'),
(384, 26, 'student13', '채프로', '20240710A06', '2024-07-26 00:00:00'),
(385, 26, 'student14', '김요리', '20240710A06', '2024-07-26 00:00:00'),
(386, 26, 'student15', '나천재', '20240710A06', '2024-07-26 00:00:00'),
(387, 26, 'student16', '최초보', '20240710A06', '2024-07-26 00:00:00'),
(388, 26, 'student17', '최프로', '20240710A06', '2024-07-26 00:00:00'),
(389, 1, 'student1', '이학생', '20240710A01', '2024-07-27 00:00:00'),
(390, 1, 'student2', '이초보', '20240710A01', '2024-07-27 00:00:00'),
(391, 1, 'student3', '이프로', '20240710A01', '2024-07-27 00:00:00'),
(392, 1, 'student4', '김초보', '20240710A01', '2024-07-27 00:00:00'),
(393, 1, 'student5', '김프로', '20240710A01', '2024-07-27 00:00:00'),
(394, 1, 'student6', '박프로', '20240710A01', '2024-07-27 00:00:00'),
(395, 1, 'student7', '박초보', '20240710A01', '2024-07-27 00:00:00'),
(396, 1, 'student8', '김박사', '20240710A01', '2024-07-27 00:00:00'),
(397, 1, 'student9', '김학생', '20240710A01', '2024-07-27 00:00:00'),
(398, 1, 'student10', '나학생', '20240710A01', '2024-07-27 00:00:00'),
(399, 1, 'student11', '양학생', '20240710A01', '2024-07-27 00:00:00'),
(400, 1, 'student12', '채학생', '20240710A01', '2024-07-27 00:00:00'),
(401, 1, 'student13', '채프로', '20240710A01', '2024-07-27 00:00:00'),
(402, 1, 'student14', '김요리', '20240710A01', '2024-07-27 00:00:00'),
(403, 1, 'student15', '나천재', '20240710A01', '2024-07-27 00:00:00'),
(404, 1, 'student16', '최초보', '20240710A01', '2024-07-27 00:00:00'),
(405, 1, 'student17', '최프로', '20240710A01', '2024-07-27 00:00:00'),
(406, 30, 'student18', '최천재', '20240710A06', '2024-07-27 00:00:00'),
(407, 30, 'student19', '양천채', '20240710A06', '2024-07-27 00:00:00'),
(408, 30, 'student20', '하초보', '20240710A06', '2024-07-27 00:00:00'),
(409, 9, 'student1', '이학생', '20240710A02', '2024-07-27 00:00:00'),
(410, 9, 'student2', '이초보', '20240710A02', '2024-07-27 00:00:00'),
(411, 9, 'student3', '이프로', '20240710A02', '2024-07-27 00:00:00'),
(412, 9, 'student4', '김초보', '20240710A02', '2024-07-27 00:00:00'),
(413, 9, 'student5', '김프로', '20240710A02', '2024-07-27 00:00:00'),
(414, 9, 'student6', '박프로', '20240710A02', '2024-07-27 00:00:00'),
(415, 9, 'student7', '박초보', '20240710A02', '2024-07-27 00:00:00'),
(416, 9, 'student8', '김박사', '20240710A02', '2024-07-27 00:00:00'),
(417, 9, 'student9', '김학생', '20240710A02', '2024-07-27 00:00:00'),
(418, 18, 'student10', '나학생', '20240710A04', '2024-07-27 00:00:00'),
(419, 18, 'student14', '김요리', '20240710A04', '2024-07-27 00:00:00'),
(420, 18, 'student15', '나천재', '20240710A04', '2024-07-27 00:00:00'),
(421, 18, 'student16', '최초보', '20240710A04', '2024-07-27 00:00:00'),
(422, 18, 'student17', '최프로', '20240710A04', '2024-07-27 00:00:00'),
(423, 12, 'student10', '나학생', '20240710A03', '2024-07-27 00:00:00'),
(424, 12, 'student11', '양학생', '20240710A03', '2024-07-27 00:00:00'),
(425, 12, 'student12', '채학생', '20240710A03', '2024-07-27 00:00:00'),
(426, 12, 'student13', '채프로', '20240710A03', '2024-07-27 00:00:00'),
(427, 12, 'student14', '김요리', '20240710A03', '2024-07-27 00:00:00'),
(428, 12, 'student15', '나천재', '20240710A03', '2024-07-27 00:00:00'),
(429, 12, 'student16', '최초보', '20240710A03', '2024-07-27 00:00:00'),
(430, 12, 'student17', '최프로', '20240710A03', '2024-07-27 00:00:00'),
(431, 12, 'student18', '최천재', '20240710A03', '2024-07-27 00:00:00'),
(432, 12, 'student19', '양천채', '20240710A03', '2024-07-27 00:00:00'),
(433, 12, 'student20', '하초보', '20240710A03', '2024-07-27 00:00:00'),
(434, 21, 'student17', '최프로', '20240710A05', '2024-07-27 00:00:00'),
(435, 21, 'student18', '최천재', '20240710A05', '2024-07-27 00:00:00'),
(436, 21, 'student19', '양천채', '20240710A05', '2024-07-27 00:00:00'),
(437, 21, 'student20', '하초보', '20240710A05', '2024-07-27 00:00:00'),
(438, 26, 'student2', '이초보', '20240710A06', '2024-07-27 00:00:00'),
(439, 26, 'student3', '이프로', '20240710A06', '2024-07-27 00:00:00'),
(440, 26, 'student4', '김초보', '20240710A06', '2024-07-27 00:00:00'),
(441, 26, 'student5', '김프로', '20240710A06', '2024-07-27 00:00:00'),
(442, 26, 'student6', '박프로', '20240710A06', '2024-07-27 00:00:00'),
(443, 26, 'student7', '박초보', '20240710A06', '2024-07-27 00:00:00'),
(444, 26, 'student5', '김프로', '20240710A06', '2024-07-27 00:00:00'),
(445, 26, 'student6', '박프로', '20240710A06', '2024-07-27 00:00:00'),
(446, 26, 'student7', '박초보', '20240710A06', '2024-07-27 00:00:00'),
(447, 26, 'student8', '김박사', '20240710A06', '2024-07-27 00:00:00'),
(448, 26, 'student9', '김학생', '20240710A06', '2024-07-27 00:00:00'),
(449, 26, 'student10', '나학생', '20240710A06', '2024-07-27 00:00:00'),
(450, 26, 'student11', '양학생', '20240710A06', '2024-07-27 00:00:00'),
(451, 26, 'student12', '채학생', '20240710A06', '2024-07-27 00:00:00'),
(452, 26, 'student13', '채프로', '20240710A06', '2024-07-27 00:00:00'),
(453, 26, 'student14', '김요리', '20240710A06', '2024-07-27 00:00:00'),
(454, 26, 'student15', '나천재', '20240710A06', '2024-07-27 00:00:00'),
(455, 26, 'student16', '최초보', '20240710A06', '2024-07-27 00:00:00'),
(456, 26, 'student17', '최프로', '20240710A06', '2024-07-27 00:00:00'),
(457, 1, 'student1', '이학생', '20240710A01', '2024-07-28 00:00:00'),
(458, 1, 'student2', '이초보', '20240710A01', '2024-07-28 00:00:00'),
(459, 1, 'student3', '이프로', '20240710A01', '2024-07-28 00:00:00'),
(460, 1, 'student4', '김초보', '20240710A01', '2024-07-28 00:00:00'),
(461, 1, 'student5', '김프로', '20240710A01', '2024-07-28 00:00:00'),
(462, 1, 'student6', '박프로', '20240710A01', '2024-07-28 00:00:00'),
(463, 1, 'student7', '박초보', '20240710A01', '2024-07-28 00:00:00'),
(464, 1, 'student8', '김박사', '20240710A01', '2024-07-28 00:00:00'),
(465, 1, 'student9', '김학생', '20240710A01', '2024-07-28 00:00:00'),
(466, 1, 'student10', '나학생', '20240710A01', '2024-07-28 00:00:00'),
(467, 1, 'student11', '양학생', '20240710A01', '2024-07-28 00:00:00'),
(468, 1, 'student12', '채학생', '20240710A01', '2024-07-28 00:00:00'),
(469, 1, 'student13', '채프로', '20240710A01', '2024-07-28 00:00:00'),
(470, 1, 'student14', '김요리', '20240710A01', '2024-07-28 00:00:00'),
(471, 1, 'student15', '나천재', '20240710A01', '2024-07-28 00:00:00'),
(472, 1, 'student16', '최초보', '20240710A01', '2024-07-28 00:00:00'),
(473, 1, 'student17', '최프로', '20240710A01', '2024-07-28 00:00:00'),
(474, 30, 'student18', '최천재', '20240710A06', '2024-07-28 00:00:00'),
(475, 30, 'student19', '양천채', '20240710A06', '2024-07-28 00:00:00'),
(476, 30, 'student20', '하초보', '20240710A06', '2024-07-28 00:00:00'),
(477, 9, 'student1', '이학생', '20240710A02', '2024-07-28 00:00:00'),
(478, 9, 'student2', '이초보', '20240710A02', '2024-07-28 00:00:00'),
(479, 9, 'student3', '이프로', '20240710A02', '2024-07-28 00:00:00'),
(480, 9, 'student4', '김초보', '20240710A02', '2024-07-28 00:00:00'),
(481, 9, 'student5', '김프로', '20240710A02', '2024-07-28 00:00:00'),
(482, 9, 'student6', '박프로', '20240710A02', '2024-07-28 00:00:00'),
(483, 9, 'student7', '박초보', '20240710A02', '2024-07-28 00:00:00'),
(484, 9, 'student8', '김박사', '20240710A02', '2024-07-28 00:00:00'),
(485, 9, 'student9', '김학생', '20240710A02', '2024-07-28 00:00:00'),
(486, 18, 'student10', '나학생', '20240710A04', '2024-07-28 00:00:00'),
(487, 18, 'student11', '양학생', '20240710A04', '2024-07-28 00:00:00'),
(488, 18, 'student12', '채학생', '20240710A04', '2024-07-28 00:00:00'),
(489, 18, 'student13', '채프로', '20240710A04', '2024-07-28 00:00:00'),
(490, 18, 'student14', '김요리', '20240710A04', '2024-07-28 00:00:00'),
(491, 18, 'student15', '나천재', '20240710A04', '2024-07-28 00:00:00'),
(492, 18, 'student16', '최초보', '20240710A04', '2024-07-28 00:00:00'),
(493, 18, 'student17', '최프로', '20240710A04', '2024-07-28 00:00:00'),
(494, 12, 'student10', '나학생', '20240710A03', '2024-07-28 00:00:00'),
(495, 12, 'student11', '양학생', '20240710A03', '2024-07-28 00:00:00'),
(496, 12, 'student12', '채학생', '20240710A03', '2024-07-28 00:00:00'),
(497, 12, 'student13', '채프로', '20240710A03', '2024-07-28 00:00:00'),
(498, 12, 'student14', '김요리', '20240710A03', '2024-07-28 00:00:00'),
(499, 12, 'student15', '나천재', '20240710A03', '2024-07-28 00:00:00'),
(500, 12, 'student16', '최초보', '20240710A03', '2024-07-28 00:00:00'),
(501, 12, 'student17', '최프로', '20240710A03', '2024-07-28 00:00:00'),
(502, 12, 'student18', '최천재', '20240710A03', '2024-07-28 00:00:00'),
(503, 12, 'student19', '양천채', '20240710A03', '2024-07-28 00:00:00'),
(504, 12, 'student20', '하초보', '20240710A03', '2024-07-28 00:00:00'),
(505, 21, 'student17', '최프로', '20240710A05', '2024-07-28 00:00:00'),
(506, 21, 'student18', '최천재', '20240710A05', '2024-07-28 00:00:00'),
(507, 21, 'student19', '양천채', '20240710A05', '2024-07-28 00:00:00'),
(508, 21, 'student20', '하초보', '20240710A05', '2024-07-28 00:00:00'),
(509, 26, 'student2', '이초보', '20240710A06', '2024-07-28 00:00:00'),
(510, 26, 'student3', '이프로', '20240710A06', '2024-07-28 00:00:00'),
(511, 26, 'student4', '김초보', '20240710A06', '2024-07-28 00:00:00'),
(512, 26, 'student5', '김프로', '20240710A06', '2024-07-28 00:00:00'),
(513, 26, 'student6', '박프로', '20240710A06', '2024-07-28 00:00:00'),
(514, 26, 'student7', '박초보', '20240710A06', '2024-07-28 00:00:00'),
(515, 26, 'student5', '김프로', '20240710A06', '2024-07-28 00:00:00'),
(516, 26, 'student6', '박프로', '20240710A06', '2024-07-28 00:00:00'),
(517, 26, 'student7', '박초보', '20240710A06', '2024-07-28 00:00:00'),
(518, 26, 'student8', '김박사', '20240710A06', '2024-07-28 00:00:00'),
(519, 26, 'student9', '김학생', '20240710A06', '2024-07-28 00:00:00'),
(520, 26, 'student10', '나학생', '20240710A06', '2024-07-28 00:00:00'),
(521, 26, 'student11', '양학생', '20240710A06', '2024-07-28 00:00:00'),
(522, 26, 'student12', '채학생', '20240710A06', '2024-07-28 00:00:00'),
(523, 26, 'student13', '채프로', '20240710A06', '2024-07-28 00:00:00'),
(524, 26, 'student14', '김요리', '20240710A06', '2024-07-28 00:00:00'),
(525, 26, 'student15', '나천재', '20240710A06', '2024-07-28 00:00:00'),
(526, 26, 'student16', '최초보', '20240710A06', '2024-07-28 00:00:00'),
(527, 26, 'student17', '최프로', '20240710A06', '2024-07-28 00:00:00'),
(528, 1, 'student1', '이학생', '20240710A01', '2024-07-29 00:00:00'),
(529, 1, 'student2', '이초보', '20240710A01', '2024-07-29 00:00:00'),
(530, 1, 'student3', '이프로', '20240710A01', '2024-07-29 00:00:00'),
(531, 1, 'student4', '김초보', '20240710A01', '2024-07-29 00:00:00'),
(532, 1, 'student5', '김프로', '20240710A01', '2024-07-29 00:00:00'),
(533, 1, 'student6', '박프로', '20240710A01', '2024-07-29 00:00:00'),
(534, 1, 'student7', '박초보', '20240710A01', '2024-07-29 00:00:00'),
(535, 1, 'student8', '김박사', '20240710A01', '2024-07-29 00:00:00'),
(536, 1, 'student9', '김학생', '20240710A01', '2024-07-29 00:00:00'),
(537, 1, 'student10', '나학생', '20240710A01', '2024-07-29 00:00:00'),
(538, 1, 'student11', '양학생', '20240710A01', '2024-07-29 00:00:00'),
(539, 1, 'student12', '채학생', '20240710A01', '2024-07-29 00:00:00'),
(540, 1, 'student13', '채프로', '20240710A01', '2024-07-29 00:00:00'),
(541, 1, 'student14', '김요리', '20240710A01', '2024-07-29 00:00:00'),
(542, 1, 'student15', '나천재', '20240710A01', '2024-07-29 00:00:00'),
(543, 1, 'student16', '최초보', '20240710A01', '2024-07-29 00:00:00'),
(544, 1, 'student17', '최프로', '20240710A01', '2024-07-29 00:00:00'),
(545, 30, 'student18', '최천재', '20240710A06', '2024-07-29 00:00:00'),
(546, 30, 'student19', '양천채', '20240710A06', '2024-07-29 00:00:00'),
(547, 30, 'student20', '하초보', '20240710A06', '2024-07-29 00:00:00'),
(548, 9, 'student1', '이학생', '20240710A02', '2024-07-29 00:00:00'),
(549, 9, 'student2', '이초보', '20240710A02', '2024-07-29 00:00:00'),
(550, 9, 'student3', '이프로', '20240710A02', '2024-07-29 00:00:00'),
(551, 9, 'student4', '김초보', '20240710A02', '2024-07-29 00:00:00'),
(552, 9, 'student5', '김프로', '20240710A02', '2024-07-29 00:00:00'),
(553, 9, 'student6', '박프로', '20240710A02', '2024-07-29 00:00:00'),
(554, 9, 'student7', '박초보', '20240710A02', '2024-07-29 00:00:00'),
(555, 9, 'student8', '김박사', '20240710A02', '2024-07-29 00:00:00'),
(556, 9, 'student9', '김학생', '20240710A02', '2024-07-29 00:00:00'),
(557, 18, 'student10', '나학생', '20240710A04', '2024-07-29 00:00:00'),
(558, 18, 'student11', '양학생', '20240710A04', '2024-07-29 00:00:00'),
(559, 18, 'student12', '채학생', '20240710A04', '2024-07-29 00:00:00'),
(560, 18, 'student13', '채프로', '20240710A04', '2024-07-29 00:00:00'),
(561, 18, 'student14', '김요리', '20240710A04', '2024-07-29 00:00:00'),
(562, 18, 'student15', '나천재', '20240710A04', '2024-07-29 00:00:00'),
(563, 18, 'student16', '최초보', '20240710A04', '2024-07-29 00:00:00'),
(564, 18, 'student17', '최프로', '20240710A04', '2024-07-29 00:00:00'),
(565, 12, 'student10', '나학생', '20240710A03', '2024-07-29 00:00:00'),
(566, 12, 'student11', '양학생', '20240710A03', '2024-07-29 00:00:00'),
(567, 12, 'student12', '채학생', '20240710A03', '2024-07-29 00:00:00'),
(568, 12, 'student13', '채프로', '20240710A03', '2024-07-29 00:00:00'),
(569, 12, 'student14', '김요리', '20240710A03', '2024-07-29 00:00:00'),
(570, 12, 'student15', '나천재', '20240710A03', '2024-07-29 00:00:00'),
(571, 12, 'student16', '최초보', '20240710A03', '2024-07-29 00:00:00'),
(572, 12, 'student17', '최프로', '20240710A03', '2024-07-29 00:00:00'),
(573, 12, 'student18', '최천재', '20240710A03', '2024-07-29 00:00:00'),
(574, 12, 'student19', '양천채', '20240710A03', '2024-07-29 00:00:00'),
(575, 12, 'student20', '하초보', '20240710A03', '2024-07-29 00:00:00'),
(576, 21, 'student17', '최프로', '20240710A05', '2024-07-29 00:00:00'),
(577, 21, 'student18', '최천재', '20240710A05', '2024-07-29 00:00:00'),
(578, 21, 'student19', '양천채', '20240710A05', '2024-07-29 00:00:00'),
(579, 21, 'student20', '하초보', '20240710A05', '2024-07-29 00:00:00'),
(580, 26, 'student2', '이초보', '20240710A06', '2024-07-29 00:00:00'),
(581, 26, 'student3', '이프로', '20240710A06', '2024-07-29 00:00:00'),
(582, 26, 'student4', '김초보', '20240710A06', '2024-07-29 00:00:00'),
(583, 26, 'student5', '김프로', '20240710A06', '2024-07-29 00:00:00'),
(584, 26, 'student6', '박프로', '20240710A06', '2024-07-29 00:00:00'),
(585, 26, 'student7', '박초보', '20240710A06', '2024-07-29 00:00:00'),
(586, 26, 'student5', '김프로', '20240710A06', '2024-07-29 00:00:00'),
(587, 26, 'student6', '박프로', '20240710A06', '2024-07-29 00:00:00'),
(588, 26, 'student7', '박초보', '20240710A06', '2024-07-29 00:00:00'),
(589, 26, 'student8', '김박사', '20240710A06', '2024-07-29 00:00:00'),
(590, 26, 'student9', '김학생', '20240710A06', '2024-07-29 00:00:00'),
(591, 26, 'student10', '나학생', '20240710A06', '2024-07-29 00:00:00'),
(592, 26, 'student11', '양학생', '20240710A06', '2024-07-29 00:00:00'),
(593, 26, 'student12', '채학생', '20240710A06', '2024-07-29 00:00:00'),
(594, 26, 'student13', '채프로', '20240710A06', '2024-07-29 00:00:00'),
(595, 26, 'student14', '김요리', '20240710A06', '2024-07-29 00:00:00'),
(596, 26, 'student15', '나천재', '20240710A06', '2024-07-29 00:00:00'),
(597, 26, 'student16', '최초보', '20240710A06', '2024-07-29 00:00:00'),
(598, 26, 'student17', '최프로', '20240710A06', '2024-07-29 00:00:00'),
(599, 1, 'student1', '이학생', '20240710A01', '2024-07-30 00:00:00'),
(600, 1, 'student2', '이초보', '20240710A01', '2024-07-30 00:00:00'),
(601, 1, 'student3', '이프로', '20240710A01', '2024-07-30 00:00:00'),
(602, 1, 'student4', '김초보', '20240710A01', '2024-07-30 00:00:00'),
(603, 1, 'student5', '김프로', '20240710A01', '2024-07-30 00:00:00'),
(604, 1, 'student6', '박프로', '20240710A01', '2024-07-30 00:00:00'),
(605, 1, 'student7', '박초보', '20240710A01', '2024-07-30 00:00:00'),
(606, 1, 'student8', '김박사', '20240710A01', '2024-07-30 00:00:00'),
(607, 1, 'student9', '김학생', '20240710A01', '2024-07-30 00:00:00'),
(608, 1, 'student10', '나학생', '20240710A01', '2024-07-30 00:00:00'),
(609, 1, 'student11', '양학생', '20240710A01', '2024-07-30 00:00:00'),
(610, 1, 'student12', '채학생', '20240710A01', '2024-07-30 00:00:00'),
(611, 1, 'student13', '채프로', '20240710A01', '2024-07-30 00:00:00'),
(612, 1, 'student14', '김요리', '20240710A01', '2024-07-30 00:00:00'),
(613, 1, 'student15', '나천재', '20240710A01', '2024-07-30 00:00:00'),
(614, 1, 'student16', '최초보', '20240710A01', '2024-07-30 00:00:00'),
(615, 1, 'student17', '최프로', '20240710A01', '2024-07-30 00:00:00'),
(616, 30, 'student18', '최천재', '20240710A06', '2024-07-30 00:00:00'),
(617, 30, 'student19', '양천채', '20240710A06', '2024-07-30 00:00:00'),
(618, 30, 'student20', '하초보', '20240710A06', '2024-07-30 00:00:00'),
(619, 9, 'student1', '이학생', '20240710A02', '2024-07-30 00:00:00'),
(620, 9, 'student2', '이초보', '20240710A02', '2024-07-30 00:00:00'),
(621, 9, 'student3', '이프로', '20240710A02', '2024-07-30 00:00:00'),
(622, 9, 'student4', '김초보', '20240710A02', '2024-07-30 00:00:00'),
(623, 9, 'student5', '김프로', '20240710A02', '2024-07-30 00:00:00'),
(624, 9, 'student6', '박프로', '20240710A02', '2024-07-30 00:00:00'),
(625, 9, 'student7', '박초보', '20240710A02', '2024-07-30 00:00:00'),
(626, 9, 'student8', '김박사', '20240710A02', '2024-07-30 00:00:00'),
(627, 9, 'student9', '김학생', '20240710A02', '2024-07-30 00:00:00'),
(628, 18, 'student10', '나학생', '20240710A04', '2024-07-30 00:00:00'),
(629, 18, 'student11', '양학생', '20240710A04', '2024-07-30 00:00:00'),
(630, 18, 'student12', '채학생', '20240710A04', '2024-07-30 00:00:00'),
(631, 18, 'student13', '채프로', '20240710A04', '2024-07-30 00:00:00'),
(632, 18, 'student14', '김요리', '20240710A04', '2024-07-30 00:00:00'),
(633, 18, 'student15', '나천재', '20240710A04', '2024-07-30 00:00:00'),
(634, 18, 'student16', '최초보', '20240710A04', '2024-07-30 00:00:00'),
(635, 18, 'student17', '최프로', '20240710A04', '2024-07-30 00:00:00'),
(636, 12, 'student10', '나학생', '20240710A03', '2024-07-30 00:00:00'),
(637, 12, 'student11', '양학생', '20240710A03', '2024-07-30 00:00:00'),
(638, 12, 'student12', '채학생', '20240710A03', '2024-07-30 00:00:00'),
(639, 12, 'student13', '채프로', '20240710A03', '2024-07-30 00:00:00'),
(640, 12, 'student14', '김요리', '20240710A03', '2024-07-30 00:00:00'),
(641, 12, 'student15', '나천재', '20240710A03', '2024-07-30 00:00:00'),
(642, 12, 'student16', '최초보', '20240710A03', '2024-07-30 00:00:00'),
(643, 12, 'student17', '최프로', '20240710A03', '2024-07-30 00:00:00'),
(644, 12, 'student18', '최천재', '20240710A03', '2024-07-30 00:00:00'),
(645, 12, 'student19', '양천채', '20240710A03', '2024-07-30 00:00:00'),
(646, 12, 'student20', '하초보', '20240710A03', '2024-07-30 00:00:00'),
(647, 21, 'student17', '최프로', '20240710A05', '2024-07-30 00:00:00'),
(648, 21, 'student18', '최천재', '20240710A05', '2024-07-30 00:00:00'),
(649, 21, 'student19', '양천채', '20240710A05', '2024-07-30 00:00:00'),
(650, 21, 'student20', '하초보', '20240710A05', '2024-07-30 00:00:00'),
(651, 26, 'student2', '이초보', '20240710A06', '2024-07-30 00:00:00'),
(652, 26, 'student3', '이프로', '20240710A06', '2024-07-30 00:00:00'),
(653, 26, 'student4', '김초보', '20240710A06', '2024-07-30 00:00:00'),
(654, 1, 'student1', '이학생', '', '2024-07-31 09:28:08'),
(655, 1, 'student1', '이학생', '', '2024-07-31 09:28:16'),
(656, 4, 'student1', '이학생', '', '2024-07-31 15:24:47'),
(657, 1, 'student1', '이학생', '', '2024-08-01 12:51:10'),
(658, 4, 'student1', '이학생', '', '2024-08-01 12:51:13'),
(659, 4, 'student1', '이학생', '', '2024-08-02 15:28:19');

-- --------------------------------------------------------

--
-- 테이블 구조 `board`
--

CREATE TABLE `board` (
  `no` int NOT NULL,
  `class_no` int NOT NULL,
  `title` varchar(255) NOT NULL DEFAULT '',
  `memo` varchar(255) NOT NULL DEFAULT '',
  `id` varchar(255) NOT NULL DEFAULT '',
  `datetime` datetime NOT NULL DEFAULT CURRENT_TIMESTAMP
) ENGINE=InnoDB DEFAULT CHARSET=utf8mb3;

--
-- 테이블의 덤프 데이터 `board`
--

INSERT INTO `board` (`no`, `class_no`, `title`, `memo`, `id`, `datetime`) VALUES
(1, 1, '휴강일 안내', '8월 15일 광복절 16일 학원 휴일로 수업 없습니다.', 'teacher', '2024-07-02 00:00:00'),
(2, 1, '101호 실습실 고장안내', '현재 101호 실습실 배수구 막힘으로 실습실 이용이 불가능합니다. 다른 실습실인 302호는 이용이 가능합니다. 실습실 수리 일정은 일주일정도가 걸릴 예정이라 다음주부터 사용가능합니다.', 'teacher', '2024-07-02 00:00:00'),
(3, 1, '재료와 도구 공구 안내', '강의에서 사용하는 도구는 학원 공동구매를 통해 구매가 가능합니다. 공동구매는 강의 마지막수업 전수업때 신청자를 받습니다. 재료 공동구매는 매주 월요일에서 화요일에 학원에서 신청내용을 받고있습니다. 신청을 원하시는분은 강사님께 말씀드려 신청하시거나 인포로 오셔서 이름, 원하는 재료 를 말씀해주시면 됩니다. 재료비는 따로 개인 메세지를 통해 알려드리고 있고 결제는 목요일날 재료받으면서 합니다.', 'teacher', '2024-07-02 00:00:00'),
(4, 1, '8월 7일 안내', '강사님의 개인 사정으로 8월 7일 수요일 수업 불가하셔서 다른 강사님이 수업을 진행할 예정입니다.', 'teacher', '2024-07-02 00:00:00'),
(5, 5, '휴강일 안내', '8월 15일 광복절 16일 학원 휴일로 수업 없습니다.', 'teacher', '2024-07-02 00:00:00'),
(6, 5, '101호 실습실 고장안내', '현재 101호 실습실 배수구 막힘으로 실습실 이용이 불가능합니다. 다른 실습실인 302호는 이용이 가능합니다. 실습실 수리 일정은 일주일정도가 걸릴 예정이라 다음주부터 사용가능합니다.', 'teacher', '2024-07-02 00:00:00'),
(7, 5, '재료와 도구 공구 안내', '강의에서 사용하는 도구는 학원 공동구매를 통해 구매가 가능합니다. 공동구매는 강의 마지막수업 전수업때 신청자를 받습니다. 재료 공동구매는 매주 월요일에서 화요일에 학원에서 신청내용을 받고있습니다. 신청을 원하시는분은 강사님께 말씀드려 신청하시거나 인포로 오셔서 이름, 원하는 재료 를 말씀해주시면 됩니다. 재료비는 따로 개인 메세지를 통해 알려드리고 있고 결제는 목요일날 재료받으면서 합니다.', 'teacher', '2024-07-02 00:00:00'),
(8, 5, '8월 7일 안내', '강사님의 개인 사정으로 8월 7일 수요일 수업 불가하셔서 다른 강사님이 수업을 진행할 예정입니다.', 'teacher', '2024-07-02 00:00:00'),
(9, 9, '휴강일 안내', '8월 15일 광복절 16일 학원 휴일로 수업 없습니다.', 'teacher', '2024-07-02 00:00:00'),
(10, 9, '101호 실습실 고장안내', '현재 101호 실습실 배수구 막힘으로 실습실 이용이 불가능합니다. 다른 실습실인 302호는 이용이 가능합니다. 실습실 수리 일정은 일주일정도가 걸릴 예정이라 다음주부터 사용가능합니다.', 'teacher', '2024-07-02 00:00:00'),
(11, 9, '재료와 도구 공구 안내', '강의에서 사용하는 도구는 학원 공동구매를 통해 구매가 가능합니다. 공동구매는 강의 마지막수업 전수업때 신청자를 받습니다. 재료 공동구매는 매주 월요일에서 화요일에 학원에서 신청내용을 받고있습니다. 신청을 원하시는분은 강사님께 말씀드려 신청하시거나 인포로 오셔서 이름, 원하는 재료 를 말씀해주시면 됩니다. 재료비는 따로 개인 메세지를 통해 알려드리고 있고 결제는 목요일날 재료받으면서 합니다.', 'teacher', '2024-07-02 00:00:00'),
(12, 9, '8월 7일 안내', '강사님의 개인 사정으로 8월 7일 수요일 수업 불가하셔서 다른 강사님이 수업을 진행할 예정입니다.', 'teacher', '2024-07-02 00:00:00'),
(13, 13, '휴강일 안내', '8월 15일 광복절 16일 학원 휴일로 수업 없습니다.', 'teacher', '2024-07-02 00:00:00'),
(14, 13, '101호 실습실 고장안내', '현재 101호 실습실 배수구 막힘으로 실습실 이용이 불가능합니다. 다른 실습실인 302호는 이용이 가능합니다. 실습실 수리 일정은 일주일정도가 걸릴 예정이라 다음주부터 사용가능합니다.', 'teacher', '2024-07-02 00:00:00'),
(15, 13, '재료와 도구 공구 안내', '강의에서 사용하는 도구는 학원 공동구매를 통해 구매가 가능합니다. 공동구매는 강의 마지막수업 전수업때 신청자를 받습니다. 재료 공동구매는 매주 월요일에서 화요일에 학원에서 신청내용을 받고있습니다. 신청을 원하시는분은 강사님께 말씀드려 신청하시거나 인포로 오셔서 이름, 원하는 재료 를 말씀해주시면 됩니다. 재료비는 따로 개인 메세지를 통해 알려드리고 있고 결제는 목요일날 재료받으면서 합니다.', 'teacher', '2024-07-02 00:00:00'),
(16, 13, '8월 7일 안내', '강사님의 개인 사정으로 8월 7일 수요일 수업 불가하셔서 다른 강사님이 수업을 진행할 예정입니다.', 'teacher', '2024-07-02 00:00:00'),
(17, 17, '휴강일 안내', '8월 15일 광복절 16일 학원 휴일로 수업 없습니다.', 'teacher', '2024-07-02 00:00:00'),
(18, 17, '101호 실습실 고장안내', '현재 101호 실습실 배수구 막힘으로 실습실 이용이 불가능합니다. 다른 실습실인 302호는 이용이 가능합니다. 실습실 수리 일정은 일주일정도가 걸릴 예정이라 다음주부터 사용가능합니다.', 'teacher', '2024-07-02 00:00:00'),
(19, 17, '재료와 도구 공구 안내', '강의에서 사용하는 도구는 학원 공동구매를 통해 구매가 가능합니다. 공동구매는 강의 마지막수업 전수업때 신청자를 받습니다. 재료 공동구매는 매주 월요일에서 화요일에 학원에서 신청내용을 받고있습니다. 신청을 원하시는분은 강사님께 말씀드려 신청하시거나 인포로 오셔서 이름, 원하는 재료 를 말씀해주시면 됩니다. 재료비는 따로 개인 메세지를 통해 알려드리고 있고 결제는 목요일날 재료받으면서 합니다.', 'teacher', '2024-07-02 00:00:00'),
(20, 17, '8월 7일 안내', '강사님의 개인 사정으로 8월 7일 수요일 수업 불가하셔서 다른 강사님이 수업을 진행할 예정입니다.', 'teacher', '2024-07-02 00:00:00'),
(21, 21, '휴강일 안내', '8월 15일 광복절 16일 학원 휴일로 수업 없습니다.', 'teacher', '2024-07-02 00:00:00'),
(22, 21, '101호 실습실 고장안내', '현재 101호 실습실 배수구 막힘으로 실습실 이용이 불가능합니다. 다른 실습실인 302호는 이용이 가능합니다. 실습실 수리 일정은 일주일정도가 걸릴 예정이라 다음주부터 사용가능합니다.', 'teacher', '2024-07-02 00:00:00'),
(23, 21, '재료와 도구 공구 안내', '강의에서 사용하는 도구는 학원 공동구매를 통해 구매가 가능합니다. 공동구매는 강의 마지막수업 전수업때 신청자를 받습니다. 재료 공동구매는 매주 월요일에서 화요일에 학원에서 신청내용을 받고있습니다. 신청을 원하시는분은 강사님께 말씀드려 신청하시거나 인포로 오셔서 이름, 원하는 재료 를 말씀해주시면 됩니다. 재료비는 따로 개인 메세지를 통해 알려드리고 있고 결제는 목요일날 재료받으면서 합니다.', 'teacher', '2024-07-02 00:00:00'),
(24, 21, '8월 7일 안내', '강사님의 개인 사정으로 8월 7일 수요일 수업 불가하셔서 다른 강사님이 수업을 진행할 예정입니다.', 'teacher', '2024-07-02 00:00:00'),
(25, 25, '휴강일 안내', '8월 15일 광복절 16일 학원 휴일로 수업 없습니다.', 'teacher', '2024-07-28 00:00:00'),
(26, 25, '101호 실습실 고장안내', '현재 101호 실습실 배수구 막힘으로 실습실 이용이 불가능합니다. 다른 실습실인 302호는 이용이 가능합니다. 실습실 수리 일정은 일주일정도가 걸릴 예정이라 다음주부터 사용가능합니다.', 'teacher', '2024-07-02 00:00:00'),
(27, 25, '재료와 도구 공구 안내', '강의에서 사용하는 도구는 학원 공동구매를 통해 구매가 가능합니다. 공동구매는 강의 마지막수업 전수업때 신청자를 받습니다. 재료 공동구매는 매주 월요일에서 화요일에 학원에서 신청내용을 받고있습니다. 신청을 원하시는분은 강사님께 말씀드려 신청하시거나 인포로 오셔서 이름, 원하는 재료 를 말씀해주시면 됩니다. 재료비는 따로 개인 메세지를 통해 알려드리고 있고 결제는 목요일날 재료받으면서 합니다.', 'teacher', '2024-07-02 00:00:00'),
(28, 25, '8월 7일 안내', '강사님의 개인 사정으로 8월 7일 수요일 수업 불가하셔서 다른 강사님이 수업을 진행할 예정입니다.', 'teacher', '2024-07-02 00:00:00'),
(29, 29, '휴강일 안내', '8월 15일 광복절 16일 학원 휴일로 수업 없습니다.', 'teacher', '2024-07-02 00:00:00'),
(30, 29, '101호 실습실 고장안내', '현재 101호 실습실 배수구 막힘으로 실습실 이용이 불가능합니다. 다른 실습실인 302호는 이용이 가능합니다. 실습실 수리 일정은 일주일정도가 걸릴 예정이라 다음주부터 사용가능합니다.', 'teacher', '2024-07-02 00:00:00'),
(31, 29, '재료와 도구 공구 안내', '강의에서 사용하는 도구는 학원 공동구매를 통해 구매가 가능합니다. 공동구매는 강의 마지막수업 전수업때 신청자를 받습니다. 재료 공동구매는 매주 월요일에서 화요일에 학원에서 신청내용을 받고있습니다. 신청을 원하시는분은 강사님께 말씀드려 신청하시거나 인포로 오셔서 이름, 원하는 재료 를 말씀해주시면 됩니다. 재료비는 따로 개인 메세지를 통해 알려드리고 있고 결제는 목요일날 재료받으면서 합니다.', 'teacher', '2024-07-02 00:00:00'),
(32, 29, '8월 7일 안내', '강사님의 개인 사정으로 8월 7일 수요일 수업 불가하셔서 다른 강사님이 수업을 진행할 예정입니다.', 'teacher', '2024-07-02 00:00:00'),
(33, 29, '등록되나?', '등록되나?<br />\r\n등록되나?<br />\r\n등록되나?<br />\r\n등록되나?', 'teacher', '2024-10-10 00:00:00');

-- --------------------------------------------------------

--
-- 테이블 구조 `cart`
--

CREATE TABLE `cart` (
  `no` int NOT NULL,
  `class_no` int NOT NULL,
  `id` varchar(20) NOT NULL DEFAULT '',
  `datetime` datetime NOT NULL DEFAULT CURRENT_TIMESTAMP
) ENGINE=InnoDB DEFAULT CHARSET=utf8mb3;

--
-- 테이블의 덤프 데이터 `cart`
--

INSERT INTO `cart` (`no`, `class_no`, `id`, `datetime`) VALUES
(1, 26, 'teacher', '2024-07-26 18:36:00'),
(3, 26, 'paster', '2024-07-26 18:37:53'),
(4, 27, 'teacher', '2024-07-26 18:39:18'),
(5, 26, 'student1', '2024-07-27 12:56:51'),
(6, 2, 'student1', '2024-07-30 11:11:50'),
(7, 14, 'student1', '2024-07-30 11:11:53'),
(8, 21, 'student1', '2024-07-30 11:12:01'),
(9, 28, 'student2', '2024-07-31 18:23:53'),
(10, 28, 'teacher', '2024-08-01 22:12:44'),
(11, 28, 'student1', '2024-08-02 16:32:11');

-- --------------------------------------------------------

--
-- 테이블 구조 `ec_notice`
--

CREATE TABLE `ec_notice` (
  `no` int NOT NULL,
  `title` varchar(255) NOT NULL DEFAULT '',
  `memo` varchar(255) NOT NULL DEFAULT '',
  `datetime` datetime NOT NULL DEFAULT CURRENT_TIMESTAMP
) ENGINE=InnoDB DEFAULT CHARSET=utf8mb3;

--
-- 테이블의 덤프 데이터 `ec_notice`
--

INSERT INTO `ec_notice` (`no`, `title`, `memo`, `datetime`) VALUES
(1, '[행정] 신규 입사자 소개', '신규 입사자 \'나선생\'님 축하드립니다.', '2024-07-15 00:00:00'),
(2, '[휴가] 여름휴가 안내', '여름 휴가 이신분들은 2024.07.30까지 휴가계 내주십시오.', '2024-07-16 00:00:00'),
(3, '[휴가] 학생들에게 휴가 공지해주세요', '학생들에게 휴가 공지해주세요. 여름 휴가 이신분들은 2024.07.30까지 휴가계 내주십시오.', '2024-07-17 00:00:00'),
(4, '[행정] 공가 신청 안내 ', '공가 신청 안내드립니다.', '2024-07-18 00:00:00'),
(5, '[행정] 경조사 신청 안내 ', '경조사 신청 안내드립니다.', '2024-07-18 00:00:00'),
(6, '[행정] 여름휴가 콘도 신청 안내 ', '여름휴가 콘도 신청 안내드립니다.', '2024-07-18 00:00:00');

-- --------------------------------------------------------

--
-- 테이블 구조 `order`
--

CREATE TABLE `order` (
  `no` int NOT NULL,
  `class_no` int NOT NULL,
  `teacher_code` varchar(50) COLLATE utf8mb4_general_ci NOT NULL,
  `id` varchar(50) COLLATE utf8mb4_general_ci NOT NULL,
  `name` varchar(100) COLLATE utf8mb4_general_ci NOT NULL,
  `student_status` varchar(10) COLLATE utf8mb4_general_ci DEFAULT '''수강중''',
  `datetime` datetime NOT NULL
) ENGINE=MyISAM DEFAULT CHARSET=utf8mb4 COLLATE=utf8mb4_general_ci;

--
-- 테이블의 덤프 데이터 `order`
--

INSERT INTO `order` (`no`, `class_no`, `teacher_code`, `id`, `name`, `student_status`, `datetime`) VALUES
(1, 13, '202406EC01', 'student1', '이학생', '수강중', '2024-06-01 00:00:00'),
(85, 26, '202406EC02', 'student1', '이학생', '수강중', '2024-08-02 15:29:26'),
(3, 30, '202406EC02', 'student1', '이학생', '수강중', '2024-07-30 00:00:00'),
(4, 13, '202406EC01', 'student2', '이초보', '수강중', '2024-06-01 00:00:00'),
(5, 1, '202406EC01', 'student2', '이초보', '수강중', '2024-07-01 00:00:00'),
(6, 30, '202406EC02', 'student2', '이초보', '수강중', '2024-07-30 00:00:00'),
(7, 13, '202406EC01', 'student3', '이프로', '수강중', '2024-06-01 00:00:00'),
(8, 1, '202406EC01', 'student3', '이프로', '수강중', '2024-07-01 00:00:00'),
(9, 30, '202406EC02', 'student3', '이프로', '수강중', '2024-07-30 00:00:00'),
(10, 13, '202406EC01', 'student4', '김초보', '수강중', '2024-06-01 00:00:00'),
(11, 1, '202406EC01', 'student4', '김초보', '수강중', '2024-07-01 00:00:00'),
(12, 30, '202406EC02', 'student4', '김초보', '수강중', '2024-07-30 00:00:00'),
(13, 13, '202406EC01', 'student5', '김프로', '수강중', '2024-06-01 00:00:00'),
(14, 1, '202406EC01', 'student5', '김프로', '수강중', '2024-07-01 00:00:00'),
(15, 30, '202406EC02', 'student5', '김프로', '수강중', '2024-07-30 00:00:00'),
(16, 1, '202406EC01', 'student5', '김프로', '수강중', '2024-06-01 00:00:00'),
(17, 1, '202406EC01', 'student6', '박프로', '수강중', '2024-06-01 00:00:00'),
(18, 1, '202406EC01', 'student7', '박초보', '수강중', '2024-06-01 00:00:00'),
(19, 1, '202406EC01', 'student8', '김박사', '수강중', '2024-06-01 00:00:00'),
(20, 1, '202406EC01', 'student9', '김학생', '수강중', '2024-06-01 00:00:00'),
(21, 1, '202406EC01', 'student10', '나학생', '수강중', '2024-06-01 00:00:00'),
(22, 1, '202406EC01', 'student11', '양학생', '수강중', '2024-06-01 00:00:00'),
(23, 1, '202406EC01', 'student12', '채학생', '수강중', '2024-06-01 00:00:00'),
(24, 1, '202406EC01', 'student13', '채프로', '수강중', '2024-06-01 00:00:00'),
(25, 1, '202406EC01', 'student14', '김요리', '수강중', '2024-06-01 00:00:00'),
(26, 1, '202406EC01', 'student15', '나천재', '수강중', '2024-06-01 00:00:00'),
(27, 1, '202406EC01', 'student16', '최초보', '수강중', '2024-06-01 00:00:00'),
(28, 1, '202406EC01', 'student17', '최프로', '수강중', '2024-06-01 00:00:00'),
(86, 2, '202406EC02', 'student1', '이학생', '수강중', '2024-08-02 15:30:15'),
(30, 9, '202406EC01', 'student2', '이초보', '수강중', '2024-06-03 00:00:00'),
(31, 9, '202406EC01', 'student3', '이프로', '수강중', '2024-06-04 00:00:00'),
(32, 9, '202406EC01', 'student4', '김초보', '수강중', '2024-06-05 00:00:00'),
(33, 9, '202406EC01', 'student5', '김프로', '수강중', '2024-06-06 00:00:00'),
(34, 9, '202406EC01', 'student6', '박프로', '수강중', '2024-06-07 00:00:00'),
(35, 9, '202406EC01', 'student7', '박초보', '수강중', '2024-06-08 00:00:00'),
(36, 9, '202406EC01', 'student8', '김박사', '수강중', '2024-06-09 00:00:00'),
(37, 9, '202406EC01', 'student9', '김학생', '수강중', '2024-06-10 00:00:00'),
(38, 12, '202406EC04', 'student10', '나학생', '수강중', '2024-06-11 00:00:00'),
(39, 12, '202406EC04', 'student11', '양학생', '수강중', '2024-06-12 00:00:00'),
(40, 12, '202406EC04', 'student12', '채학생', '수강중', '2024-06-13 00:00:00'),
(41, 12, '202406EC04', 'student13', '채프로', '수강중', '2024-06-14 00:00:00'),
(42, 12, '202406EC04', 'student14', '김요리', '수강중', '2024-06-15 00:00:00'),
(43, 12, '202406EC04', 'student15', '나천재', '수강중', '2024-06-16 00:00:00'),
(44, 12, '202406EC04', 'student16', '최초보', '수강중', '2024-06-17 00:00:00'),
(45, 12, '202406EC04', 'student17', '최프로', '수강중', '2024-06-18 00:00:00'),
(46, 12, '202406EC04', 'student18', '최천재', '수강중', '2024-06-19 00:00:00'),
(47, 12, '202406EC04', 'student19', '양천채', '수강중', '2024-06-20 00:00:00'),
(48, 12, '202406EC04', 'student20', '하초보', '수강중', '2024-06-21 00:00:00'),
(49, 18, '202406EC02', 'student10', '나학생', '수강중', '2024-06-22 00:00:00'),
(50, 18, '202406EC02', 'student11', '양학생', '수강중', '2024-06-23 00:00:00'),
(51, 18, '202406EC02', 'student12', '채학생', '수강중', '2024-06-24 00:00:00'),
(52, 18, '202406EC02', 'student13', '채프로', '수강중', '2024-06-25 00:00:00'),
(53, 18, '202406EC02', 'student14', '김요리', '수강중', '2024-06-26 00:00:00'),
(54, 18, '202406EC02', 'student15', '나천재', '수강중', '2024-06-27 00:00:00'),
(55, 18, '202406EC02', 'student16', '최초보', '수강중', '2024-06-28 00:00:00'),
(56, 18, '202406EC02', 'student17', '최프로', '수강중', '2024-06-29 00:00:00'),
(57, 21, '202406EC01', 'student17', '최프로', '수강중', '2024-06-30 00:00:00'),
(58, 21, '202406EC01', 'student18', '최천재', '수강중', '2024-07-01 00:00:00'),
(59, 21, '202406EC01', 'student19', '양천채', '수강중', '2024-07-02 00:00:00'),
(60, 21, '202406EC01', 'student20', '하초보', '수강중', '2024-07-03 00:00:00'),
(61, 26, '202406EC02', 'student2', '이초보', '수강중', '2024-07-04 00:00:00'),
(62, 26, '202406EC02', 'student3', '이프로', '수강중', '2024-07-05 00:00:00'),
(63, 26, '202406EC02', 'student4', '김초보', '수강중', '2024-07-06 00:00:00'),
(64, 26, '202406EC02', 'student5', '김프로', '수강중', '2024-07-07 00:00:00'),
(65, 26, '202406EC02', 'student6', '박프로', '수강중', '2024-07-08 00:00:00'),
(66, 26, '202406EC02', 'student7', '박초보', '수강중', '2024-07-09 00:00:00'),
(67, 26, '202406EC02', 'student5', '김프로', '수강중', '2024-07-10 00:00:00'),
(68, 26, '202406EC02', 'student6', '박프로', '수강중', '2024-07-11 00:00:00'),
(69, 26, '202406EC02', 'student7', '박초보', '수강중', '2024-07-12 00:00:00'),
(70, 26, '202406EC02', 'student8', '김박사', '수강중', '2024-07-13 00:00:00'),
(71, 26, '202406EC02', 'student9', '김학생', '수강중', '2024-07-14 00:00:00'),
(72, 26, '202406EC02', 'student10', '나학생', '수강중', '2024-07-15 00:00:00'),
(73, 26, '202406EC02', 'student11', '양학생', '수강중', '2024-07-16 00:00:00'),
(74, 26, '202406EC02', 'student12', '채학생', '수강중', '2024-07-17 00:00:00'),
(75, 26, '202406EC02', 'student13', '채프로', '수강중', '2024-07-18 00:00:00'),
(76, 26, '202406EC02', 'student14', '김요리', '수강중', '2024-07-19 00:00:00'),
(77, 26, '202406EC02', 'student15', '나천재', '수강중', '2024-07-20 00:00:00'),
(78, 26, '202406EC02', 'student16', '최초보', '수강중', '2024-07-21 00:00:00'),
(79, 26, '202406EC02', 'student17', '최프로', '수강중', '2024-07-22 00:00:00'),
(80, 30, '202406EC02', 'student18', '최천재', '수강중', '2024-07-23 00:00:00'),
(81, 30, '202406EC02', 'student19', '양천채', '수강중', '2024-07-24 00:00:00'),
(82, 30, '202406EC02', 'student20', '하초보', '수강중', '2024-07-25 00:00:00'),
(83, 4, '202406EC04', 'student1', '이학생', '수강중', '2024-07-31 12:22:00');

-- --------------------------------------------------------

--
-- 테이블 구조 `question`
--

CREATE TABLE `question` (
  `no` int NOT NULL,
  `class_no` int NOT NULL,
  `question_id` varchar(255) NOT NULL DEFAULT '',
  `question` varchar(255) NOT NULL DEFAULT '',
  `question_memo` varchar(255) NOT NULL DEFAULT '',
  `question_time` datetime NOT NULL DEFAULT CURRENT_TIMESTAMP,
  `answer_id` varchar(255) NOT NULL DEFAULT '',
  `answer` varchar(255) NOT NULL DEFAULT '',
  `answer_time` datetime NOT NULL DEFAULT CURRENT_TIMESTAMP
) ENGINE=InnoDB DEFAULT CHARSET=utf8mb3;

--
-- 테이블의 덤프 데이터 `question`
--

INSERT INTO `question` (`no`, `class_no`, `question_id`, `question`, `question_memo`, `question_time`, `answer_id`, `answer`, `answer_time`) VALUES
(1, 1, 'student1', '질문이 있습니다.', '안녕하세요 \n선생님 저번 주차에 배운 수업내용중 이부분이 기억이 안나서 연락드립니다 .', '2024-07-01 00:00:00', 'teacher', '안녕하세요.<br />\r\n<br />\r\n어느 주차의 내용일까요?<br />\r\n다음 수업 시간에 30분 일찍 오시면 알려드릴게요.<br />\r\n<br />\r\n감사합니다.', '2024-07-26 14:58:38'),
(2, 1, 'student1', '결과물이 이상하게 나왔어요', '저번주에 실습했던 대로 똑같이 만들었는데 결과물이 다르게나왔어요 어디서 잘못된걸까요?', '2024-07-01 00:00:00', 'teacher', '', '2024-07-26 14:58:16'),
(3, 1, 'student2', '질문입니다.', '실습실 이용 가능한가요?', '2024-07-01 00:00:00', 'teacher', 'ㄷㄷㄷ', '2024-08-01 22:09:28'),
(4, 1, 'student3', '준비물 관련', '칼이나 프라이펜은 공구했으면 좋겠습니다..', '2024-07-01 00:00:00', 'teacher', '', '2024-07-26 14:58:05'),
(5, 1, 'student4', '선생님 저 합격했어요!', '선생님 저 합격했어요!', '2024-07-02 00:00:00', 'teacher', '', '2024-07-26 14:58:01'),
(6, 1, 'student5', '휴강 문의', '이번 수업의 휴강일정 추가로 있을까요?', '2024-07-03 00:00:00', 'teacher', '아뇨 없어요', '2024-07-29 18:39:00'),
(7, 1, 'student6', '지하철이 늦어져서', '지하철이 늦게와서 지각할 것 같은데… 혹시 어떻게 처리하면 되나요?', '2024-07-04 00:00:00', 'teacher', 'ㅎㅎ이', '2024-08-01 22:09:05');

-- --------------------------------------------------------

--
-- 테이블 구조 `register`
--

CREATE TABLE `register` (
  `no` int NOT NULL,
  `profile` varchar(255) NOT NULL DEFAULT '',
  `id` varchar(20) NOT NULL DEFAULT '',
  `password` varchar(255) NOT NULL DEFAULT '',
  `name` varchar(255) NOT NULL DEFAULT '',
  `phone` varchar(20) NOT NULL DEFAULT '',
  `email` varchar(255) NOT NULL DEFAULT '',
  `teacher_code` varchar(255) NOT NULL DEFAULT '',
  `datetime` datetime NOT NULL DEFAULT CURRENT_TIMESTAMP
) ENGINE=InnoDB DEFAULT CHARSET=utf8mb3;

--
-- 테이블의 덤프 데이터 `register`
--

INSERT INTO `register` (`no`, `profile`, `id`, `password`, `name`, `phone`, `email`, `teacher_code`, `datetime`) VALUES
(1, 'profile.png', 'teacher', '$2y$10$ZAIY6gMxbPoJNNx0J3KIk.CQEK0GtVelwKbb2gTgiuaLluaWj/4q2', '김선생', '01012341234', 'green1@green.com', '202406EC01', '2024-06-01 00:00:00'),
(2, 'profile.png', 'teacher2', '$2y$10$ZAIY6gMxbPoJNNx0J3KIk.CQEK0GtVelwKbb2gTgiuaLluaWj/4q2', '나교수', '01012341235', 'green2@green.com', '202406EC02', '2024-06-02 00:00:00'),
(3, 'profile.png', 'teacher3', '$2y$10$ZAIY6gMxbPoJNNx0J3KIk.CQEK0GtVelwKbb2gTgiuaLluaWj/4q2', '박선생', '01012341236', 'green3@green.com', '202406EC03', '2024-06-03 00:00:00'),
(4, 'profile.png', 'teacher4', '$2y$10$ZAIY6gMxbPoJNNx0J3KIk.CQEK0GtVelwKbb2gTgiuaLluaWj/4q2', '홍박사', '01012341237', 'green4@green.com', '202406EC04', '2024-06-04 00:00:00'),
(5, 'profile.png', 'student1', '$2y$10$ZAIY6gMxbPoJNNx0J3KIk.CQEK0GtVelwKbb2gTgiuaLluaWj/4q2', '이학생', '01012341238', 'green5@green.com', '', '2024-06-05 00:00:00'),
(6, 'profile.png', 'student2', '$2y$10$ZAIY6gMxbPoJNNx0J3KIk.CQEK0GtVelwKbb2gTgiuaLluaWj/4q2', '이초보', '01012341239', 'green6@green.com', '', '2024-06-06 00:00:00'),
(7, 'profile.png', 'student3', '$2y$10$ZAIY6gMxbPoJNNx0J3KIk.CQEK0GtVelwKbb2gTgiuaLluaWj/4q2', '이프로', '01012341240', 'green7@green.com', '', '2024-06-07 00:00:00'),
(8, 'profile.png', 'student4', '$2y$10$ZAIY6gMxbPoJNNx0J3KIk.CQEK0GtVelwKbb2gTgiuaLluaWj/4q2', '김초보', '01012341241', 'green8@green.com', '', '2024-06-08 00:00:00'),
(9, 'profile.png', 'student5', '$2y$10$ZAIY6gMxbPoJNNx0J3KIk.CQEK0GtVelwKbb2gTgiuaLluaWj/4q2', '김프로', '01012341242', 'green9@green.com', '', '2024-06-09 00:00:00'),
(10, 'profile.png', 'student6', '$2y$10$ZAIY6gMxbPoJNNx0J3KIk.CQEK0GtVelwKbb2gTgiuaLluaWj/4q2', '박프로', '01012341243', 'green10@green.com', '', '2024-06-10 00:00:00'),
(11, 'profile.png', 'student7', '$2y$10$ZAIY6gMxbPoJNNx0J3KIk.CQEK0GtVelwKbb2gTgiuaLluaWj/4q2', '박초보', '01012341244', 'green11@green.com', '', '2024-06-11 00:00:00'),
(12, 'profile.png', 'student8', '$2y$10$ZAIY6gMxbPoJNNx0J3KIk.CQEK0GtVelwKbb2gTgiuaLluaWj/4q2', '김박사', '01012341245', 'green12@green.com', '', '2024-06-12 00:00:00'),
(13, 'profile.png', 'student9', '$2y$10$ZAIY6gMxbPoJNNx0J3KIk.CQEK0GtVelwKbb2gTgiuaLluaWj/4q2', '김학생', '01012341246', 'green13@green.com', '', '2024-06-13 00:00:00'),
(14, 'profile.png', 'student10', '$2y$10$ZAIY6gMxbPoJNNx0J3KIk.CQEK0GtVelwKbb2gTgiuaLluaWj/4q2', '나학생', '01012341247', 'green14@green.com', '', '2024-06-14 00:00:00'),
(15, 'profile.png', 'student11', '$2y$10$ZAIY6gMxbPoJNNx0J3KIk.CQEK0GtVelwKbb2gTgiuaLluaWj/4q2', '양학생', '01012341248', 'green15@green.com', '', '2024-06-15 00:00:00'),
(16, 'profile.png', 'student12', '$2y$10$ZAIY6gMxbPoJNNx0J3KIk.CQEK0GtVelwKbb2gTgiuaLluaWj/4q2', '채학생', '01012341249', 'green16@green.com', '', '2024-06-16 00:00:00'),
(17, 'profile.png', 'student13', '$2y$10$ZAIY6gMxbPoJNNx0J3KIk.CQEK0GtVelwKbb2gTgiuaLluaWj/4q2', '채프로', '01012341250', 'green17@green.com', '', '2024-06-17 00:00:00'),
(18, 'profile.png', 'student14', '$2y$10$ZAIY6gMxbPoJNNx0J3KIk.CQEK0GtVelwKbb2gTgiuaLluaWj/4q2', '김요리', '01012341251', 'green18@green.com', '', '2024-06-18 00:00:00'),
(19, 'profile.png', 'student15', '$2y$10$ZAIY6gMxbPoJNNx0J3KIk.CQEK0GtVelwKbb2gTgiuaLluaWj/4q2', '나천재', '01012341252', 'green19@green.com', '', '2024-06-19 00:00:00'),
(20, 'profile.png', 'student16', '$2y$10$ZAIY6gMxbPoJNNx0J3KIk.CQEK0GtVelwKbb2gTgiuaLluaWj/4q2', '최초보', '01012341253', 'green20@green.com', '', '2024-06-20 00:00:00'),
(21, 'profile.png', 'student17', '$2y$10$ZAIY6gMxbPoJNNx0J3KIk.CQEK0GtVelwKbb2gTgiuaLluaWj/4q2', '최프로', '01012341254', 'green21@green.com', '', '2024-06-21 00:00:00'),
(22, 'profile.png', 'student18', '$2y$10$ZAIY6gMxbPoJNNx0J3KIk.CQEK0GtVelwKbb2gTgiuaLluaWj/4q2', '최천재', '01012341255', 'green22@green.com', '', '2024-06-22 00:00:00'),
(23, 'profile.png', 'student19', '$2y$10$ZAIY6gMxbPoJNNx0J3KIk.CQEK0GtVelwKbb2gTgiuaLluaWj/4q2', '양천채', '01012341256', 'green23@green.com', '', '2024-06-23 00:00:00'),
(24, 'profile.png', 'student20', '$2y$10$ZAIY6gMxbPoJNNx0J3KIk.CQEK0GtVelwKbb2gTgiuaLluaWj/4q2', '하초보', '01012341257', 'green24@green.com', '', '2024-06-24 00:00:00'),
(25, '66a36be12a924_20240726_134802.jpg', 'paster', '$2y$10$l7AQFJGxAM2UzsvciaVNoeWHWAOkytnyR07AmmxtrEdS4ilfc7j2i', '파스타', '01022224444', 'paster1234!@naver.com', '', '2024-07-26 18:26:57');

-- --------------------------------------------------------

--
-- 테이블 구조 `review`
--

CREATE TABLE `review` (
  `no` int NOT NULL,
  `class_no` varchar(255) COLLATE utf8mb4_general_ci NOT NULL DEFAULT '',
  `code` varchar(255) COLLATE utf8mb4_general_ci NOT NULL DEFAULT '',
  `star` int NOT NULL,
  `img` varchar(255) COLLATE utf8mb4_general_ci NOT NULL DEFAULT '',
  `review` varchar(255) COLLATE utf8mb4_general_ci NOT NULL DEFAULT '',
  `id` varchar(255) COLLATE utf8mb4_general_ci NOT NULL DEFAULT '',
  `name` varchar(255) COLLATE utf8mb4_general_ci NOT NULL DEFAULT '',
  `datetime` datetime NOT NULL DEFAULT CURRENT_TIMESTAMP
) ENGINE=MyISAM DEFAULT CHARSET=utf8mb4 COLLATE=utf8mb4_general_ci;

--
-- 테이블의 덤프 데이터 `review`
--

INSERT INTO `review` (`no`, `class_no`, `code`, `star`, `img`, `review`, `id`, `name`, `datetime`) VALUES
(1, '1', '20240710A01', 5, '78b2785e-d859-45fc-82c3-2fe5710cdee5.png', '너무 재밌었어요. 잘 배웠습니다.', 'student2', '이초보', '2024-05-01 00:00:00'),
(2, '2', '20240710A02', 3, '1000002059.png', '초보자가 듣기에는 너무 어려웠습니다. \n그래도 잘 가르쳐주셔서 감사합니다.', 'student3', '이프로', '2024-06-01 00:00:00'),
(3, '2', '20240710A02', 4, 'curri_baking.jpg,curri_certi,jpg,curri_cook.jpg', '아직은 스스로 부족하다고 느끼다보니, 어렵게 느껴진 첫날이 생각납니다. 저처럼 처음 접하는 분들이 부담스럽지 않도록, 계속해서 쉽고 다양한 레시피로 많은 경험과 재미를 느낄 수 있게 해주세요. ', 'student4', '김초보', '2024-06-28 00:00:00'),
(4, '1', '20240710A01', 5, 'course_slider_skup_gn19_lg02.jpg', '혼자 레시피만 보고 따라할 때와는 다르게 레시피에 대한 여러가지 노하우나 팁들을 알려주시고 이에 따른 지식까지도 풍부해지게 교육을 해주셔서, 수업 때 배운것들을 실전에서 직접 사용할 수 있었고 단순 일에서뿐만 아니라, 이곳 저곳에서 사용할 기회가 많이 늘어났습니다!', 'student5', '김프로', '2024-07-01 00:00:00'),
(5, '1', '20240710A01', 5, 'course_slider_ckng_gn02_lg01.jpg,course_slider_barista_ic07_2nd_lg03.jpg', '저는 조리 쪽으로 비교적 진로를 늦게 선택한 편이지만 그 만큼 다양한 경험을 하고 싶습니다!\n학원에서도 다양한 커리큘럼을 통해 조리 쪽으로 꿈을 점점 더 키워나가고 싶습니다', 'student6', '박프로', '2024-07-03 00:00:00'),
(6, '1', '20240710A01', 5, ' ', '요리를 올해 시작해서 cm 맞추는 작업이나 칼이 섬세하게 들어가야하는 부분이 많이 부족했지만 중식 기능사 수강 후 손도 빨라지고 요리를 하는 순서, 방법, 전분으로 동도 잡는 방법 등등 여러방면으로 성장한것같습니다', 'student9', '김학생', '2024-07-10 00:00:00'),
(7, '1', '20240710A01', 5, '78b2785e-d859-45fc-82c3-2fe5710cdee5.png', '너무 재밌었어요. 잘 배웠습니다.', 'student1', '이학생', '2024-05-01 00:00:00'),
(8, '13', '20240710A03', 4, '66aafd3e2f4be_5ce75790e118f.jpg,66aafd3e2f745_f1f6082d15e59.jpg,66aafd3e2f9c4_76e45f393fa41.jpg', '테스트 강의 코드 들어가나 테스트', 'student1', '이학생', '2024-08-01 12:13:02');

-- --------------------------------------------------------

--
-- 테이블 구조 `room`
--

CREATE TABLE `room` (
  `no` int NOT NULL,
  `class_no` int NOT NULL,
  `room` varchar(50) NOT NULL,
  `room_date` date NOT NULL,
  `start` time NOT NULL,
  `end` time NOT NULL,
  `id` varchar(50) NOT NULL,
  `name` varchar(100) NOT NULL,
  `datetime` datetime NOT NULL
) ENGINE=InnoDB DEFAULT CHARSET=utf8mb3;

--
-- 테이블의 덤프 데이터 `room`
--

INSERT INTO `room` (`no`, `class_no`, `room`, `room_date`, `start`, `end`, `id`, `name`, `datetime`) VALUES
(1, 1, '101', '2024-07-30', '08:00:00', '09:00:00', 'student2', '이초보', '2024-06-01 00:00:00'),
(2, 1, '101', '2024-07-30', '09:00:00', '10:00:00', 'student2', '이초보', '2024-06-01 00:00:00'),
(3, 1, '101', '2024-07-30', '10:00:00', '11:00:00', 'student2', '이초보', '2024-06-01 00:00:00'),
(4, 1, '101', '2024-07-30', '11:00:00', '12:00:00', 'student3', '이프로', '2024-06-01 00:00:00'),
(5, 1, '101', '2024-07-30', '12:00:00', '13:00:00', 'student4', '김초보', '2024-06-01 00:00:00'),
(6, 1, '101', '2024-07-30', '13:00:00', '14:00:00', 'student4', '김초보', '2024-06-01 00:00:00'),
(7, 1, '101', '2024-07-30', '14:00:00', '15:00:00', 'student4', '김초보', '2024-06-01 00:00:00'),
(8, 1, '101', '2024-07-30', '15:00:00', '16:00:00', 'student7', '박초보', '2024-06-01 00:00:00'),
(9, 1, '101', '2024-07-30', '16:00:00', '17:00:00', 'student7', '박초보', '2024-06-01 00:00:00'),
(10, 1, '101', '2024-07-30', '08:00:00', '09:00:00', 'student1', '이학생', '2024-06-01 00:00:00'),
(11, 1, '101', '2024-07-30', '09:00:00', '10:00:00', 'student1', '이학생', '2024-06-01 00:00:00'),
(12, 1, '101', '2024-07-30', '10:00:00', '11:00:00', 'student1', '이학생', '2024-06-01 00:00:00'),
(13, 1, '101', '2024-07-30', '11:00:00', '12:00:00', 'student3', '이프로', '2024-06-01 00:00:00'),
(14, 1, '101', '2024-07-30', '12:00:00', '13:00:00', 'student3', '이프로', '2024-06-01 00:00:00'),
(15, 1, '101', '2024-07-30', '13:00:00', '14:00:00', 'student3', '이프로', '2024-06-01 00:00:00'),
(16, 1, '101', '2024-07-30', '14:00:00', '15:00:00', 'student6', '박프로', '2024-06-01 00:00:00'),
(17, 1, '101', '2024-07-30', '15:00:00', '16:00:00', 'student8', '김박사', '2024-06-01 00:00:00'),
(18, 1, '101', '2024-07-30', '16:00:00', '17:00:00', 'student8', '김박사', '2024-06-01 00:00:00');

-- --------------------------------------------------------

--
-- 테이블 구조 `teacher_list`
--

CREATE TABLE `teacher_list` (
  `no` int NOT NULL,
  `teacher_name` varchar(255) NOT NULL DEFAULT '',
  `teacher_code` varchar(255) NOT NULL DEFAULT '',
  `profile` varchar(255) NOT NULL DEFAULT '',
  `birth` varchar(255) NOT NULL DEFAULT '',
  `email` varchar(255) NOT NULL DEFAULT '',
  `phone` varchar(255) NOT NULL DEFAULT '',
  `address` varchar(255) NOT NULL DEFAULT '',
  `carrer` varchar(255) NOT NULL DEFAULT '',
  `license` varchar(255) NOT NULL DEFAULT '',
  `award` varchar(255) NOT NULL DEFAULT '',
  `in_date` datetime NOT NULL,
  `datetime` datetime NOT NULL DEFAULT CURRENT_TIMESTAMP
) ENGINE=InnoDB DEFAULT CHARSET=utf8mb3;

--
-- 테이블의 덤프 데이터 `teacher_list`
--

INSERT INTO `teacher_list` (`no`, `teacher_name`, `teacher_code`, `profile`, `birth`, `email`, `phone`, `address`, `carrer`, `license`, `award`, `in_date`, `datetime`) VALUES
(1, '김선생', '202406EC01', '../../images/common/profile.png', '1988-12-31', 'green1@green.com', '01012341234', '서울시 종로구', '現 (사)식생활제과협회 이사\n前 한국예술직업전문학교 제과제빵 팀장\n前 하나원 제과제빵 전임강사\n前 군포 평생학습원 제과제빵 전임강사\n前 한국장애인고용공단 제과제빵 전임강사\n前 까레몽과자점', '제과기능사\n제빵기능사\n제과마스터, 제빵마스터\n초코릿마스터(1급)\n케익디자이너(1급)\n샌드위치마스터', '2017 코리아푸드트렌드페어 심사위원\n2015 코리아푸드트랜드페어 제빵부분 금상\n2010 경기제과제빵패스티벌 제과부분 대상', '2024-06-01 00:00:00', '2024-06-01 00:00:00'),
(2, '나교수', '202406EC02', 'profile02.png', '1989-01-01', 'green2@green.com', '01012341235', '서울시 종로구', '(現) 코리아교육그룹 코리아요리아트아카데미 교육부 학과장\n(前) 조선호텔 한식당 ‘셔블’ 실습\n(前) 양지요리학원 교육부 전임강사\n(前) 뚜레본요리학원 요리부장\n2020/2021/2022 월드푸드트렌드페어 심사위원\n2023 대한민국 국제요리&제과경연대회 심사위원\n2023 월드푸드트렌드페어 심사위원\n2023 골목창업학교 예비창업자 출강\n2024 브런치예비창업자 출강 (서울창업허브_창동)', '한식조리기능사\n양식조리기능사\n중식조리기능사\n일식조리기능사\n떡제조기능사\n복어조리기능사\n아동요리지도사 1급\n직업훈련교사 3급 (조리)\n교원자격증 (실기교사)\n국가직무능력표준 NCS 훈련강사', '2021 대한민국 챌린지컵 국제요리경연대회 금상', '2024-06-01 00:00:00', '2024-06-02 00:00:00'),
(3, '박선생', '202406EC03', 'profile03.png', '1989-01-02', 'green3@green.com', '01012341236', '서울시 종로구', '2020 센톤코리아 한국식품산업클러스터진흥원 의뢰 한지커피필터 향미분석 전문위원\n2020 Global Coffee Championship Beverage Creator 우수지도자상\n2021 Global Coffee School Roasting Challange 심사위원\n2022 Global Coffee School Sensory Challange 심사위원\n원', 'Sentone Coffee Flavorist Lv2\nGlobal Coffee School Instructor\nGCS Barista Basic\nGCS Barista Advanced\nGCS Brewing Basic\nGCS Brewing Advanced\nGCS Classifier Basic\nGCS Classifier Advanced\nGCS Classifier master\n조주기능사\nKCL (Korea Coffee Laboratory) 공인트레이너', '2023 Global Coffee Championship Signature Coffee 2위', '2024-06-01 00:00:00', '2024-06-03 00:00:00'),
(4, '홍박사', '202406EC04', 'profile04.png', '1989-01-03', 'green4@green.com', '01012341237', '서울시 종로구', '(前) 알고리즘 압구정에 위치한 재패니즈 다이닝수쉐프. 2023 년 및2024 년 미쉐린 등재\n(前) 일식조리기술원 강사 겸 교육프로그램 연구팀장.\n(前) 西野屋 是是 오사카 난바 소재 갓포요리 전문점\n(前) 寿司三崎丸 도쿄 신주쿠구 위치한 카운터식 스시 전문점', '한식조리기능사\n양식조리기능사\n일식조리기능사\n사케소믈리에 (키키자케시)\n일본 조리사 면허\n일본 복어 취급자 면허', '', '2024-06-01 00:00:00', '2024-06-04 00:00:00');

--
-- 덤프된 테이블의 인덱스
--

--
-- 테이블의 인덱스 `academy_info`
--
ALTER TABLE `academy_info`
  ADD PRIMARY KEY (`no`),
  ADD UNIQUE KEY `code` (`code`),
  ADD KEY `datetime` (`datetime`);

--
-- 테이블의 인덱스 `academy_list`
--
ALTER TABLE `academy_list`
  ADD PRIMARY KEY (`class_no`),
  ADD KEY `datetime` (`datetime`);

--
-- 테이블의 인덱스 `attendance`
--
ALTER TABLE `attendance`
  ADD PRIMARY KEY (`no`),
  ADD KEY `datetime` (`datetime`);

--
-- 테이블의 인덱스 `board`
--
ALTER TABLE `board`
  ADD PRIMARY KEY (`no`),
  ADD KEY `datetime` (`datetime`);

--
-- 테이블의 인덱스 `cart`
--
ALTER TABLE `cart`
  ADD PRIMARY KEY (`no`),
  ADD KEY `datetime` (`datetime`);

--
-- 테이블의 인덱스 `ec_notice`
--
ALTER TABLE `ec_notice`
  ADD PRIMARY KEY (`no`),
  ADD KEY `datetime` (`datetime`);

--
-- 테이블의 인덱스 `order`
--
ALTER TABLE `order`
  ADD PRIMARY KEY (`no`);

--
-- 테이블의 인덱스 `question`
--
ALTER TABLE `question`
  ADD PRIMARY KEY (`no`),
  ADD KEY `answer_time` (`answer_time`);

--
-- 테이블의 인덱스 `register`
--
ALTER TABLE `register`
  ADD PRIMARY KEY (`no`),
  ADD UNIQUE KEY `id` (`id`),
  ADD KEY `datetime` (`datetime`);

--
-- 테이블의 인덱스 `review`
--
ALTER TABLE `review`
  ADD PRIMARY KEY (`no`),
  ADD KEY `datetime` (`datetime`);

--
-- 테이블의 인덱스 `room`
--
ALTER TABLE `room`
  ADD PRIMARY KEY (`no`);

--
-- 테이블의 인덱스 `teacher_list`
--
ALTER TABLE `teacher_list`
  ADD PRIMARY KEY (`no`),
  ADD UNIQUE KEY `teacher_code` (`teacher_code`),
  ADD KEY `datetime` (`datetime`);

--
-- 덤프된 테이블의 AUTO_INCREMENT
--

--
-- 테이블의 AUTO_INCREMENT `academy_info`
--
ALTER TABLE `academy_info`
  MODIFY `no` int NOT NULL AUTO_INCREMENT, AUTO_INCREMENT=7;

--
-- 테이블의 AUTO_INCREMENT `attendance`
--
ALTER TABLE `attendance`
  MODIFY `no` int NOT NULL AUTO_INCREMENT, AUTO_INCREMENT=660;

--
-- 테이블의 AUTO_INCREMENT `board`
--
ALTER TABLE `board`
  MODIFY `no` int NOT NULL AUTO_INCREMENT, AUTO_INCREMENT=34;

--
-- 테이블의 AUTO_INCREMENT `cart`
--
ALTER TABLE `cart`
  MODIFY `no` int NOT NULL AUTO_INCREMENT, AUTO_INCREMENT=12;

--
-- 테이블의 AUTO_INCREMENT `ec_notice`
--
ALTER TABLE `ec_notice`
  MODIFY `no` int NOT NULL AUTO_INCREMENT, AUTO_INCREMENT=7;

--
-- 테이블의 AUTO_INCREMENT `order`
--
ALTER TABLE `order`
  MODIFY `no` int NOT NULL AUTO_INCREMENT, AUTO_INCREMENT=87;

--
-- 테이블의 AUTO_INCREMENT `question`
--
ALTER TABLE `question`
  MODIFY `no` int NOT NULL AUTO_INCREMENT, AUTO_INCREMENT=11;

--
-- 테이블의 AUTO_INCREMENT `register`
--
ALTER TABLE `register`
  MODIFY `no` int NOT NULL AUTO_INCREMENT, AUTO_INCREMENT=26;

--
-- 테이블의 AUTO_INCREMENT `review`
--
ALTER TABLE `review`
  MODIFY `no` int NOT NULL AUTO_INCREMENT, AUTO_INCREMENT=9;

--
-- 테이블의 AUTO_INCREMENT `room`
--
ALTER TABLE `room`
  MODIFY `no` int NOT NULL AUTO_INCREMENT, AUTO_INCREMENT=19;

--
-- 테이블의 AUTO_INCREMENT `teacher_list`
--
ALTER TABLE `teacher_list`
  MODIFY `no` int NOT NULL AUTO_INCREMENT, AUTO_INCREMENT=5;
COMMIT;

/*!40101 SET CHARACTER_SET_CLIENT=@OLD_CHARACTER_SET_CLIENT */;
/*!40101 SET CHARACTER_SET_RESULTS=@OLD_CHARACTER_SET_RESULTS */;
/*!40101 SET COLLATION_CONNECTION=@OLD_COLLATION_CONNECTION */;
